-0.0319683326837968,-0.0294915011229744,-0.0097513659072206,-0.0338651039171576,0,0,0,0
-0.0319683315722662,-0.029491500705398,-0.00975136611827371,-0.0338651032201634,1.09587113689136e-09,9.77866062429333e-10,3.04319935570674e-10,1.13472746476884e-09
-0.0317280101033014,-0.0291128710042771,-0.00953603697675398,-0.0334864732675657,0.000240322539913053,0.000378631166185715,0.00021532989997209,0.00037863146422315
-0.0312914278534023,-0.02842502870736,-0.00914485627707541,-0.0327986307443196,0.000663927252519611,0.00104602758785229,0.000594883036704377,0.00104602801294809
-0.0306927922205814,-0.0274818682084646,-0.00860847416714416,-0.0318554700425458,0.00121220352948632,0.00190984642784472,0.00108614309725819,0.00190984696490397
-0.0299583811757748,-0.0263248599203876,-0.00795049838209864,-0.0306984471217534,0.00184895175355031,0.00291298653704154,0.00165661336614102,0.00291300141469618
-0.0291274199246158,-0.0250162872136891,-0.00720651249499883,-0.0293897440877344,0.00254304483746016,0.00400595167926548,0.00227799196061617,0.0040060904408405
-0.0282221603873043,-0.0235928335684003,-0.00639792524685977,-0.0279657039280333,0.00324527189700712,0.00510977679974041,0.00290488912322904,0.00511044909349925
-0.0272631582411192,-0.022090717685283,-0.00554662353522914,-0.02646174231504,0.00394741640776755,0.00620834918597825,0.00352707617604636,0.00621062827393844
-0.0262547396042359,-0.0205240187835669,-0.00466305709822538,-0.024890416711457,0.00465117287304586,0.00729871567822455,0.00414098256772614,0.00730485288309437
-0.0252386021688409,-0.018970329734383,-0.00379535486994636,-0.023326827343374,0.00533793482366457,0.00834301272955795,0.00472219994335188,0.00835705043127535
-0.0242243390254406,-0.0174623053850361,-0.0029679871512307,-0.021799954060175,0.00600707742767347,0.00932849389702381,0.00525952354853179,0.00935693875678837
-0.0231667443306581,-0.0159523803286796,-0.00216185945521128,-0.0202572749824124,0.0065986949527304,0.0101458362471298,0.00568575592783294,0.0101983251075675
-0.0220547831837325,-0.0144524696859129,-0.00139360234422045,-0.0187045663611353,0.00718733562886448,0.0108948590467021,0.00605173483057484,0.010984723041555
-0.0208468371718426,-0.0129312494318837,-0.000656919288973214,-0.0171033291101098,0.00777717635866077,0.0115631172196504,0.00634398393833581,0.0117076736281386
-0.0195130125214902,-0.0113799528040268,4.02839446049454e-05,-0.0154367655748741,0.00841702399392877,0.0122084810390956,0.00658901581227055,0.0124290332771049
-0.0180111706263596,-0.00977332428352643,0.000698536106302914,-0.0136710020401293,0.00912519719207325,0.01284146246278,0.00678663746836086,0.0131631583697106
-0.0163295955453231,-0.00813555212471959,0.00128973828941375,-0.011821291718043,0.00992743736973854,0.0134856899072321,0.00694459351377658,0.0139372238692827
-0.0144488069011151,-0.00647866612890117,0.00179268111502632,-0.00989071374671359,0.0108420507702682,0.014154791887741,0.00706551810151042,0.0147680456608506
-0.0122994039417277,-0.0047342117514117,0.00223254401685144,-0.00780224713719182,0.0118951244600139,0.0148767273643785,0.00716089193388132,0.0156863360461907
-0.00985029122809478,-0.00288973817685398,0.00260411865508027,-0.00553578537754729,0.0130304805787289,0.0155520683196241,0.00717049739331589,0.0165949546191732
-0.00713561898662185,-0.00103016145067803,0.00284864925126164,-0.0031697262333485,0.0143114838402057,0.0162718611449851,0.00714315840752363,0.0175867885185586
-0.00401889539427713,0.00103426239679485,0.00306553534052929,-0.000509024787030321,0.015727804099876,0.0170144888485304,0.00706478474369955,0.0186413398937279
-0.000531176439554448,0.00323772540856183,0.00321167486927476,0.00238404728835447,0.0172917211106313,0.0177976762569038,0.00694491108763914,0.0197766734311698
0.00337288089180254,0.00564164429883317,0.00331862540578874,0.00557300644406566,0.0189576125322494,0.0185509793287231,0.00674395793121305,0.0209220444825949
0.00760442509520637,0.00810168206683241,0.00330283850184508,0.00891442701824476,0.0207243027909909,0.0192770335313945,0.00646493333995567,0.0220791483084779
0.0122328123383763,0.0107280923902901,0.00322734643055821,0.0125183569986308,0.0225639245875352,0.0199403493294929,0.00609048455762383,0.0232107321401802
0.0172117313783148,0.0134564643647779,0.00305839484787848,0.0163185934597985,0.0245448022520007,0.0206616701444978,0.00569368406899504,0.0244347953834356
0.0225832537778693,0.0163682367521409,0.00284739520713371,0.0203934001694644,0.0266498683697955,0.0214322130295855,0.00527562665487074,0.0257387614421157
0.0283002233257924,0.0194101141279285,0.00257110066521824,0.0246850819409048,0.0288320202130431,0.0221985467213399,0.00481291419525131,0.0270648454047381
0.0343762174237657,0.0226281829915153,0.00226402631153051,0.0292345513650525,0.0311636542802697,0.0230960721129932,0.00438972680645974,0.0285439774151954
0.0406831183165642,0.0258482390399957,0.00183639919084415,0.0338618116407636,0.0335740046078449,0.0240358326382075,0.00396305362311727,0.0300824792385977
0.0472445010594272,0.0291364020968659,0.00133556754603265,0.0386269115871643,0.0360614318284935,0.0250362243215945,0.00355041214362769,0.0316943515741392
0.0540454859468441,0.0325028257881282,0.000778605001918012,0.0435329658835612,0.038519711876788,0.0259488656454278,0.00307379878164057,0.0332272371103706
0.0610630375141457,0.0359483993551961,0.000178522208115357,0.0485730736899644,0.0410169297353603,0.0268984117090409,0.00260995300768106,0.0348021483814714
0.0682667365422175,0.0394634933352067,-0.000457277414547867,0.0537295819533254,0.0435219419590537,0.0278543193318503,0.00214773457535347,0.0363846612305264
0.0756703204524508,0.0431078181541366,-0.00108203358725106,0.0590542256367806,0.0460179487543325,0.0288084530510336,0.00168868244886685,0.0379627992287924
0.0831872100637695,0.046782014914157,-0.00173979254131914,0.0644398838029042,0.0484953494063304,0.0297624401546924,0.00123935652000948,0.0395346796288737
0.0907910514022428,0.0504779219388303,-0.00242397653671413,0.0698714055627527,0.050939240061293,0.0307082774937868,0.000800410893315442,0.0410890564251047
0.0985124469872904,0.0542752899757549,-0.00307862467987767,0.0754219345132981,0.0533316945508544,0.0316317077793372,0.000368440969188876,0.0426087421532807
0.106282760321632,0.0580962127662385,-0.00373787538958637,0.0810072304712832,0.0556403478774782,0.0324941725739114,-7.43002306550153e-05,0.044052573469521
0.113986203872222,0.0617840879390437,-0.00448210490046361,0.0864652808344456,0.0578553182691123,0.0332912466338743,-0.000526581575904772,0.0454137903982143
0.121730685019888,0.0655318501986275,-0.00519387986925696,0.0919842173218306,0.0600341314929917,0.0341243734086048,-0.000927075654112946,0.0467915714508215
0.129472607573733,0.0692961531938435,-0.00588932934746541,0.0975153844972055,0.0621794741322539,0.0350086445776496,-0.00126354768142399,0.0481987332338461
0.137143743531374,0.0729914590722519,-0.00660971497909272,0.102968644333625,0.0642428624494313,0.0358758784010855,-0.00157201355261636,0.0495653749028996
0.14470679981161,0.0765773371775702,-0.00737186688806169,0.108299726809815,0.0661564591737537,0.0366230941675007,-0.0019097281543859,0.0507876990358532
0.152152800025785,0.0800573219760969,-0.0081678299541312,0.113508462863761,0.0679934184727735,0.0373668644836527,-0.00220995288827026,0.0519820023398584
0.159507093916709,0.0834899228888286,-0.00895808388932855,0.118649471188762,0.0697632136534835,0.0381244198378004,-0.00246211339735067,0.0531650323533087
0.166816016712824,0.086967252299402,-0.00968381655744164,0.123810860316156,0.071443382757864,0.0388618641298452,-0.00268498448380382,0.054302580147848
0.174005812335972,0.0903903544799416,-0.0103955039240669,0.12889006078658,0.0730412329434714,0.0395895368310997,-0.00287308054235889,0.0554052309711559
0.181051178819188,0.0937311907942457,-0.0111051148030918,0.133856556468622,0.0744931830787297,0.0402042874368396,-0.00308606533887309,0.0563704580901669
0.18795454172024,0.0970029872575372,-0.0118019645712786,0.13872160302157,0.0758466663186693,0.0407763967246387,-0.00328546662427985,0.0572694748267961
0.194467922214216,0.0998235081188878,-0.0127005885072882,0.143101192337491,0.0768643044354513,0.0409286266167241,-0.00368691363092673,0.0577257228243169
0.200626417287403,0.102255180496193,-0.0137630855123717,0.147056257469131,0.0776095332114212,0.0407583096024245,-0.0042359310194805,0.0578370817657752
0.206450391117689,0.104348499940401,-0.0149545463277059,0.15063343655647,0.0781272431015926,0.0403429541737433,-0.00488615797897102,0.0576796390753969
0.211947242903835,0.106143134325569,-0.0162429912120272,0.153866528981254,0.0784437607181958,0.0397414229017699,-0.00559827222862237,0.0573086150621612
0.217114800031508,0.107669909664486,-0.0175993706771845,0.156779185180435,0.0785720369181496,0.0389977537878878,-0.00633928062973262,0.0567630961876864
0.22194413352869,0.108952505604797,-0.0189975228566607,0.159387176269079,0.0785158535210559,0.0381443579747533,-0.00708185420594277,0.0560699514137889
0.226421868038883,0.110008893523503,-0.0204140959874942,0.161700293335759,0.0782731880646075,0.0372046754175722,-0.00780370758937814,0.0552470421507643
0.230532054537036,0.110852548851946,-0.0218284435282811,0.163723923935638,0.077838861806692,0.0361953622445796,-0.00848702251122487,0.0543058254185354
0.234257668241471,0.111493466943817,-0.0232224984770345,0.16546034956763,0.0772065833035401,0.0351280763487073,-0.00911791463491303,0.0532534399000946
0.237581787630211,0.111939008981038,-0.0245806325347363,0.166909803534299,0.0763704872511803,0.0340109206842689,-0.00968594272823234,0.0520943548063542
0.240488503840774,0.112194601470043,-0.0258895049106349,0.168071324069034,0.0753262557488578,0.0328495967320102,-0.0101836588767902,0.0508316517942498
0.242963603441204,0.112264310045413,-0.0271379047979856,0.168943433296796,0.0740718970019441,0.0316483137920801,-0.010606198165567,0.0494680007939593
0.244995061826806,0.112151305692903,-0.0283165908685389,0.169524668643152,0.072608245083596,0.0304104933587769,-0.0109509060130012,0.0480063817750154
0.246573379404326,0.111858239180008,-0.0294181305387584,0.169813989788172,0.070939234012103,0.0291393019811831,-0.0112170011454827,0.0464505964364452
0.247691788270762,0.111387537444259,-0.030436741244787,0.169811081180428,0.0690719902618431,0.0278380408213936,-0.0114052720568709,0.0448056066848326
0.248346353229664,0.110741633917728,-0.0313681355190435,0.169516567450235,0.0670167799951615,0.0265104156337732,-0.0115178047104187,0.0430777306314728
0.248535987645396,0.109923143229682,-0.0322093712808852,0.168932156743339,0.0647868407829301,0.0251607071073213,-0.0115577392081686,0.04127472169863
0.248262401742616,0.108934989394146,-0.0329587084290983,0.168060724985836,0.0623981223142347,0.0237938584086598,-0.0115290531715843,0.0394057522321064
0.247529998445365,0.107780495423169,-0.0336154725477229,0.166906352339922,0.059868956477264,0.0224154942814572,-0.0114363696409717,0.0374813196961342
0.246345729656593,0.106463441281291,-0.0341799263023097,0.165474321575528,0.0572196740886717,0.021031884128055,-0.0112847874028243,0.0355130909760686
0.244718923952809,0.104988096188173,-0.0346531489053584,0.163771086728904,0.0544721832992022,0.0196498600371906,-0.0110797317853286,0.0335136984162275
0.242661094966963,0.103359230464968,-0.0350369238623833,0.161804219216154,0.0516495231358795,0.0182766996363026,-0.010826824114004,0.0314964998448139
0.240185738220788,0.101582111390146,-0.0353336350694829,0.159582337493717,0.0487754045748668,0.0169199828422595,-0.0105317681827385,0.0294753138498543
0.237308122818096,0.0996624868701391,-0.0355461712157545,0.157115025390269,0.0458737507945527,0.0155874309651345,-0.0102002522613624,0.0274641408348307
0.234045083201408,0.097606560130116,-0.0356778383462637,0.154412743361038,0.0429682476659097,0.0142867360957723,-0.00983786532107514,0.0254768797729877
0.23041481508959,0.0954209580839438,-0.0357322803608978,0.151486736125711,0.0400819149464344,0.013025388199404,-0.00945002630621694,0.0235270499823416
0.226436678741995,0.0931126955454427,-0.0357134071590704,0.148348939437337,0.0372367079325137,0.0118105067791353,-0.00904192540928589,0.021627526567138
0.222131011826946,0.0906891369926795,-0.035625330088058,0.145011888087221,0.0344531584049542,0.0106486833176914,-0.00861847641175041,0.019790297349671
0.217518953404038,0.0881579571920265,-0.0354723043121907,0.141488626677054,0.0317500625244965,0.00954583992675066,-0.00818427923412362,0.0180262481117243
0.212622279858037,0.0855271016287759,-0.035258677689936,0.137792624183216,0.029144221888949,0.0085071087249157,-0.0077435918950188,0.0163449817698671
0.207463253045843,0.0828047473767556,-0.0349888457250478,0.133937692899516,0.0266502422789107,0.00753673544194018,-0.00730031111247389,0.0147546757437382
0.202064480436932,0.0799992647714556,-0.0346672121455365,0.129937911974028,0.0242803927543077,0.00663800963906538,-0.00685796079531139,0.0132619802852418
0.196448786641781,0.0771191800304628,-0.0342981546594826,0.125807555453819,0.0220445258019933,0.00581322278642537,-0.00641968767247964,0.0118719589807646
0.190639095431444,0.0741731387919206,-0.0338859954389937,0.121561024518385,0.0199500572719661,0.0050636542989103,-0.00598826329967931,0.0105880710898404
0.184658321152983,0.071169870415996,-0.0334349758922272,0.11721278341772,0.0180020029762212,0.00438958455387589,-0.00556609167075874,0.00941219391640588
0.178529268336394,0.0681181528146655,-0.0329492352977195,0.112777298531934,0.0162030671534216,0.00379033294656067,-0.00515522165166869,0.00834468209244955
0.172274538263532,0.0650267775390803,-0.0324327928945794,0.108268979932582,0.0145537766034423,0.003264318223242,-0.0047573634517522,0.0073844595471129
0.165916441320627,0.0619045148576173,-0.0318895330456716,0.103702124845723,0.0130526532268383,0.0028091376983832,-0.00437390835429211,0.0065291390804382
0.159476914073142,0.0587600785964892,-0.0313231931179344,0.0990908624860956,0.0116964169997679,0.00242166152794335,-0.00400595094779005,0.00577516388527089
0.152977440173059,0.055602090582363,-0.0307373537535884,0.0944490998417176,0.010480211084314,0.00209813798110828,-0.00365431313235485,0.00511796506995401
0.146438974420375,0.0524390446157965,-0.0301354312372917,0.0897904681287874,0.00939784080340442,0.00183430561901667,-0.00331956922156854,0.00455212921748443
0.139881869537932,0.0492792700078257,-0.0295206716963824,0.0851282697969002,0.00844201856442075,0.00162550843301238,-0.00300207151795799,0.00407157024774116
0.133325805466636,0.0461308948218514,-0.028896146903312,0.0804754261332623,0.0076046074463248,0.00146681028976938,-0.00270197580759789,0.00366970029064542
0.126789721231772,0.0430018090714032,-0.0282647514803676,0.0758444256807198,0.00687685701171097,0.00135310544412474,-0.00241926629373223,0.00333959488441739
0.120291749656976,0.0398996282242533,-0.0276292013360355,0.0712472738379381,0.00624962590270242,0.00127922237787498,-0.00215377956767763,0.00307414853556659
0.113849155398564,0.0368316574485105,-0.0269920331892205,0.0666954441421206,0.0057135868632144,0.00124001876945862,-0.00190522729469776,0.00286621746707468
0.107478276929813,0.0338048571017324,-0.0263556050614787,0.0621998318381624,0.00525941093920829,0.00123046596294821,-0.00167321737023877,0.00270874719277242
0.101194473215738,0.0308258100062004,-0.0257220976380916,0.0577707104080241,0.00487792868997346,0.00124572185664096,-0.00145727337547522,0.00259488334911952
0.095012075879906,0.0279006910702495,-0.0250935164159899,0.053417691767506,0.00456026725352922,0.00128119164836173,-0.00125685222857822,0.00251806495754907
0.0889443476751885,0.0250352398064889,-0.0244716945702046,0.0491496908338423,0.00429796301483907,0.00133257633858229,-0.00107135998804792,0.00247209995624608
0.083003448031777,0.0222347362638472,-0.0238582964807739,0.0449748951280172,0.00408305040427672,0.00139590929151223,-0.000900165815938376,0.002451223412732
0.0772004063727958,0.0195039808339531,-0.0232548218691223,0.0409007400037033,0.00390812799337065,0.00146758148168195,-0.000742614151429481,0.00245013929852611
0.0715451037667755,0.0168472783167501,-0.0226626104972069,0.0369338899949862,0.00376640355190232,0.00154435630721596,-0.000598035178988507,0.00246404707175529
0.0660462633350124,0.0142684265396033,-0.0220828473846188,0.0330802266534705,0.00365172008898765,0.00162337503293004,-0.0004657537006962,0.00248865457575578
0.060711449659248,0.0117707097231046,-0.0215165684988335,0.0293448431085095,0.00355856513063755,0.00170215404159056,-0.00034509653984934,0.0025201789286558
0.0555470772503435,0.00935689668014073,-0.0209646668724176,0.0257320454390131,0.00348206560136787,0.00177857512733974,-0.000235398613547695,0.00255533716091501
0.05055842795068,0.0070292438272665,-0.0204278990987211,0.0222453607982602,0.00341797069413713,0.00185087006996294,-0.000136007816598083,0.00259132836700624
0.0457496769602609,0.0047895028834125,-0.0199068921548853,0.0188875520905886,0.00336262504881805,0.00191760069152631,-4.62888587375431e-05,0.00262580908690935
0.041123927006287,0.00263893303429703,-0.0194021504982856,0.0156606388662502,0.00331293443217086,0.00197763552714667,3.4373807102037e-05,0.00265686353593854
0.0366832500243988,0.000578317254782551,-0.0189140633801621,0.0125659239825969,0.00326632593864581,0.00203012414803399,0.000106573835042992,0.00268297017010003
0.032428735591501,-0.00139201759176028,-0.0184429123184486,0.00960402547957467,0.00322070452658332,0.00207447006545962,0.0001708814939878,0.00270296592004023
0.0283605452482519,-0.00327217731661708,-0.0179888786708816,0.00677491303756864,0.00317440748190143,0.0021103030259555,0.000227842722562439,0.0027160092596537
0.0244779717756234,-0.00506267411412378,-0.0175520512495019,0.00407794832719886,0.00312615817247091,0.00213745138674639,0.000277978632517797,0.00272154310397749
0.020779502444739,-0.00676439792558629,-0.0171324339186818,0.00151192852393369,0.00307502023024615,0.00215591514094109,0.000321785373522435,0.00271925836191011
0.0172628852416217,-0.00837858598154568,-0.0167299531208352,-0.000924867755312572,0.00302035308194379,0.00216584004805449,0.000359734283747462,0.00270905880782332
0.0139251970766527,-0.00990679104368936,-0.0163444652769207,-0.00323463283253497,0.00296176954783491,0.00216749321969373,0.000392272261572726,0.00269102778612718
0.0107629130198124,-0.0113508488535845,-0.0159757640126335,-0.00541998138339495,0.00289909604553607,0.00216124041452048,0.000419822303910933,0.0026653971268814
0.00777197565393437,-0.0127128452704148,-0.0156235871656699,-0.00748390156718352,0.00283233577359891,0.00214752521193886,0.000442784165909395,0.00263251853011827
0.00494786370570251,-0.0139950835459414,-0.0152876235344793,-0.00942970650366849,0.00276163510905748,0.00212685016076825,0.000461535105071686,0.00259283757226272
0.00228565919427908,-0.0152000521439749,-0.0149675193343436,-0.0112609866696855,0.00268725333379635,0.0020997599373554,0.000476430680118562,0.00254687039980021
-0.000219887573397911,-0.0163303934656873,-0.0146628843322733,-0.0129815637225784,0.00260953570582525,0.00206682649669687,0.000487805581196165,0.00249518310251554
-0.0025742957369405,-0.0173888737929968,-0.0143732976379349,-0.0145954461875321,0.00252888981194216,0.00202863615944458,0.000495974473386358,0.00243837370017728
-0.00478329482576627,-0.0183783547117252,-0.0140983131334846,-0.0161067873738837,0.00244576507614512,0.00198577854623763,0.000501232839946396,0.00237705663119261
-0.00685276929411555,-0.0193017662257905,-0.0138374645306513,-0.0175198458137809,0.00236063525162228,0.0019388372476259,0.000503857815383812,0.00231184959807555
-0.00878870693712157,-0.0201620817246496,-0.0135902700485918,-0.0188389484469089,0.00227398369123587,0.00188838210186402,0.00050410900144428,0.00224336260107057
-0.010597151388595,-0.0209622949196197,-0.0133562367108401,-0.0200684567089256,0.00218629117015567,0.00183496294300863,0.000502229261444713,0.00217218897647226
-0.012284158819014,-0.0217053988214184,-0.013134864264032,-0.0212127356199009,0.00209802602280162,0.00177910467703683,0.000498445490207932,0.00209889824865976
-0.0138557588776219,-0.022394366791874,-0.0129256487249679,-0.0222761259133001,0.00200963635276193,0.00172130354317902,0.000492969358231498,0.00202403060329763
-0.015317919856261,-0.0230321356676872,-0.0127280855659484,-0.0232629191964511,0.00192154407725317,0.00166202442046766,0.000485998029728152,0.00194809279233103
-0.0166765179950048,-0.0236215909235761,-0.0125416725511743,-0.0241773360902871,0.00183414057554729,0.00160169904488001,0.000477714854877303,0.00187155528824801
-0.0179373108008724,-0.0241655538161794,-0.0123659122393577,-0.0250235072595319,0.00174778372234887,0.00154072500972904,0.000468290037087427,0.00179485051464813
-0.0191059142107535,-0.0246667704286389,-0.0122003141695503,-0.0258054572142845,0.00166279610128541,0.0014794654305583,0.000457881276340633,0.00171837199163707
-0.020187783397771,-0.0251279025186519,-0.0120443967485972,-0.0265270907398879,0.00157946420956104,0.00141824916523957,0.000446634389818729,0.00164247424727539
-0.0211881969961326,-0.0255515200597079,-0.0118976888595995,-0.0271921817936481,0.00149803848166565,0.00135737148985766,0.000434683911032222,0.00156747335968349
-0.0221122445024361,-0.025940095355868,-0.0117597312113526,-0.0278043646939355,0.0014187339772172,0.00129709514097055,0.00042215366862183,0.00149364800798569
-0.0229648166006825,-0.0262959986044393,-0.0116300774489735,-0.0283671274189163,0.00134173159505951,0.00123765164470101,0.000409157345900876,0.00142124092370265
-0.0237505981531673,-0.0266214947778583,-0.0115082950458654,-0.0288838068280823,0.00126717969227049,0.00117924286265175,0.000395799022077137,0.00135046064719724
-0.0244740635992012,-0.0269187416956125,-0.0113939659968536,-0.0293575856192922,0.00119519600248079,0.00112204269369612,0.000382173695949339,0.00128148350613729
-0.0251394745075062,-0.0271897891587255,-0.0112866873317921,-0.0297914908366629,0.00112586976266521,0.00106619887917907,0.000368367792728487,0.00121445574451794
-0.0257508790354299,-0.0274365790228167,-0.0111860714682324,-0.0301883937498145,0.00105926397122318,0.00101183486690504,0.000354459654496132,0.00114949574149131
-0.0263121130581422,-0.0276609460906779,-0.0110917464208955,-0.0305510109321777,0.000995417712638665,0.000959051696453231,0.0003405200146859,0.00108669626903258
-0.0268268027431059,-0.0278646197113598,-0.0110033558847423,-0.0308819063748596,0.000934348495277716,0.000907929874837409,0.000326612456865319,0.00102612674631004
-0.0272983683587955,-0.0280492259796388,-0.0109205592074068,-0.0311834944825155,0.000876054558950685,0.000858531217321653,0.000312793858003703,0.000967835456531022
-0.0277300291213694,-0.0282162904371752,-0.0108430312656901,-0.0314580438084203,0.000820517117772087,0.000810900633337421,0.000299114816339591,0.00091185169903342
-0.0281248088983648,-0.0283672411844611,-0.0107704622597145,-0.0317076813971575,0.000767702511646689,0.000765067841952419,0.000285620063907253,0.000858187855527243
-0.0284855426040966,-0.0285034123205834,-0.010702557437244,-0.0319343976147681,0.000717564246464582,0.000721049005255762,0.000272348863745555,0.0008068413547139
-0.0288148831370116,-0.0286260476357436,-0.0106390367595884,-0.0321400513575939,0.000670044908877232,0.000678848271390926,0.000259335391792079,0.000757796524083608
-0.0291153087245019,-0.0287363044892438,-0.0105796345194566,-0.0323263755422283,0.000625077946431588,0.000638459221832879,0.000246609103459016,0.000711026321574992
-0.0293891305554394,-0.0288352578131568,-0.0105240989201025,-0.032494982789792,0.000582589307944859,0.00059986621991619,0.000234195084893451,0.000666493943041684
-0.0296385005947765,-0.0289239041890745,-0.0104721916241348,-0.0326473712280753,0.00054249894239055,0.000563045659622008,0.000222114388940606,0.000624154304170621
-0.0298654194878691,-0.0290031659521024,-0.0104236872794457,-0.0327849303448335,0.000504722157317408,0.000527967115269309,0.00021038435585278,0.000583955397699697
-0.0300717444746239,-0.0290738952826022,-0.0103783730288452,-0.0329089468346415,0.000469170840013911,0.000494594394072435,0.00019901891881729,0.000545839528546026
-0.0302591972451108,-0.029136878252054,-0.0103360480091872,-0.0330206103901576,0.000435754546334217,0.000462886494562397,0.000188028894411496,0.000509744430836984
-0.0304293716788851,-0.0291928387947903,-0.0102965228450287,-0.033121019396404,0.000404381463383112,0.000432798474661853,0.000177422258130923,0.000475604271885706
-0.030583741419927,-0.0292424425822626,-0.01025961914118,-0.0332111864937402,0.000374959253179652,0.000404282233787009,0.000167204405175796,0.000443350548918212
-0.0307236672478484,-0.0292863007809271,-0.0102251689778785,-0.0332920439815867,0.000347395785037424,0.000377287213755198,0.000157378396720856,0.000412912884883779
-0.0308504042138633,-0.0293249736788004,-0.0101930144117534,-0.0333644490406869,0.000321599764762655,0.000351761023532741,0.000147945191932166,0.000384219730002619
-0.0309651085169992,-0.0293589741692648,-0.0101630069852348,-0.0334291887567809,0.000297481268926092,0.000327649992989211,0.000138903866031895,0.000357198975859806
-0.0310688441022045,-0.0293887710838047,-0.0101350072466037,-0.0334869849330633,0.000274952192448191,0.000304899660853224,0.000130251814746752,0.000331778488871844
-0.0311625889674135,-0.0294147923680743,-0.0101088842824662,-0.0335384986827249,0.000253926617585644,0.000283455202011583,0.000121984945508061,0.000307886569860256
-0.0312472411713357,-0.0294374280980438,-0.0100845152640751,-0.0335843347962908,0.000234321112149181,0.000263261799174314,0.000114097855800006,0.000285452346287102
-0.031323624537782,-0.0294570333349903,-0.0100617850085976,-0.0336250458813977,0.000216054964444878,0.000244264963758359,0.000106583999078057,0.000264406103461373
-0.0313924940557981,-0.0294739308198094,-0.0100405855561484,-0.0336611362751447,0.000199050362034908,0.000226410810634563,9.94358387011347e-05,0.000244679560730439
-0.0314545409777833,-0.0294884135085572,-0.0100208157631612,-0.0336930657312458,0.000183232520977357,0.00020964629114692,9.26449903389231e-05,0.000226206098339642
-0.0315103976202006,-0.0295007469523165,-0.0100023809124601,-0.0337212528859526,0.00016852977174453,0.000193919388559286,8.62023533300584e-05,0.000208920940291416
-0.0315606418734696,-0.0295111715254465,-0.00998519234020845,-0.0337460785081288,0.000154873607546874,0.000179179279819811,8.00982314772911e-05,0.000192761298169343
-0.0316058014292385,-0.0295199045070357,-0.0099691670797582,-0.0337678885399941,0.000142198700316051,0.000165376467264,7.43224437729003e-05,0.000177666480523746
-0.0316463577344852,-0.0295271420209757,-0.00995422752229205,-0.0337869969359379,0.000130442889134184,0.000152462883608144,6.88644255512922e-05,0.000163577972048308
-0.0316827496828627,-0.0295330608405083,-0.00994030109403882,-0.0338036883074683,0.000119547145443002,0.000140391973320185,6.37133205663096e-05,0.000150439486418665
-0.0317153770543972,-0.029537820063411,-0.00992731994975397,-0.033818220382836,0.000109455518931476,0.00012911875319788,5.88580644885813e-05,0.000138196996316814
-0.0317446037151259,-0.0295415626641803,-0.00991522068208203,-0.033830826290185,0.000100115067587565,0.000118599854736827,5.42874603132616e-05,0.00012679874383327
-0.0317707605885395,-0.0295444169296731,-0.00990394404635947,-0.0338417166732526,9.14757750107228e-05,0.000108793550635131,4.99902461612613e-05,0.000116195234124414
-0.0317941484108149,-0.0295464977846827,-0.00989343470037048,-0.0338510816486966,8.34904577189377e-05,9.96597675588934e-05,4.59551559477776e-05,0.000106339214906416
-0.0318150402818038,-0.02954790801388,-0.00988364095853364,-0.0338590926140805,7.61146648479358e-05,9.11600870831392e-05,4.21709733805144e-05,9.71856440907873e-05
-0.0318336840236097,-0.029548739386443,-0.0098745145599726,-0.0338659039154225,6.93065723309516e-05,8.32577365278697e-05,3.86265797373483e-05,8.86916476101618e-05
-0.0318503043583633,-0.0295490736895493,-0.00986601044990763,-0.0338716543830201,6.30268733646314e-05,7.59175712275045e-05,3.53109958588799e-05,8.081646924641e-05
-0.0318651049165029,-0.0295489836767186,-0.00985808657379552,-0.0338764687440172,5.72386667102298e-05,6.9106049605e-05,3.2213418776076e-05,7.35214140563864e-05
-0.0318782700865101,-0.0295485339367813,-0.00985070368364259,-0.0338804589198926,5.19073441470688e-05,6.27912022680907e-05,2.93232533769491e-05,6.67697867923964e-05
-0.0318899667166451,-0.0295477816890132,-0.0098438251559169,-0.0338837252167294,4.70004781875921e-05,5.694259620476e-05,2.66301394993736e-05,6.05268265349984e-05
-0.0319003456787918,-0.0295467775097276,-0.00983741682049268,-0.0338863574157876,4.24877109773472e-05,5.15312950271213e-05,2.41239748196773e-05,5.47596385933047e-05
-0.0319095433040604,-0.0295455659953571,-0.00983144680006916,-0.0338884357715403,3.83406451387389e-05,4.65298160967284e-05,2.17949338889665e-05,4.94371245816291e-05
-0.0319176826993241,-0.0295441863667978,-0.00982588535951885,-0.0338900319239753,3.45327371718551e-05,4.19120852595337e-05,1.96334836511606e-05,4.45299114507428e-05
-0.0319248749533825,-0.0295426730195163,-0.00982070476463487,-0.0338912097315916,3.10391938985605e-05,3.76533898243554e-05,1.76303957588608e-05,4.00102801351304e-05
-0.0319312202409675,-0.0295410560236641,-0.00981587914976367,-0.0338920260311541,2.7836872324695e-05,3.3730330333881e-05,1.57767559852071e-05,3.58520943740531e-05
-0.031936808832327,-0.0295393615781792,-0.00981138439382707,-0.0338925313299094,2.49041831993993e-05,3.01207716015203e-05,1.40639710123711e-05,3.20307301726955e-05
-0.0319417220156542,-0.0295376124226036,-0.00980719800425662,-0.0338927704356074,2.2220998467895e-05,2.68037934200022e-05,1.24837728598965e-05,2.85230062889927e-05
-0.0319460329391754,-0.029535828210099,-0.00980329900838239,-0.0338927830293299,1.97685627435287e-05,2.37596412874311e-05,1.10282211991612e-05,2.53071160609686e-05
-0.0319498073792641,-0.0295340258449052,-0.00979966785183837,-0.0338926041857944,1.75294088654993e-05,2.0969677443694e-05,9.68970378379015e-06,2.23625608280556e-05
-0.0319531044405244,-0.0295322197872591,-0.00979628630356628,-0.0338922648454799,1.54872775585124e-05,1.84163324628561e-05,8.4609352098107e-06,1.96700851459383e-05
-0.0319559771933794,-0.0295304223285755,-0.00979313736701969,-0.0338917922426146,1.36270411695422e-05,1.60830576063642e-05,7.33495420393582e-06,1.72116139485826e-05
-0.0319584732543081,-0.0295286438394813,-0.00979020519718981,-0.0338912102927752,1.1934631422815e-05,1.39542781053201e-05,6.30511962359907e-06,1.49701917711159e-05
-0.0319606353135056,-0.0295268929931042,-0.0097874750230938,-0.0338905399435684,1.03969711070726e-05,1.20153475087377e-05,5.36510533806663e-06,1.29299241132599e-05
-0.0319625016143898,-0.0295251769658269,-0.00978493307538504,-0.0338897994916062,9.00190958753877e-06,1.02525032069922e-05,4.50889414656958e-06,1.10759209943773e-05
-0.0319641063890472,-0.0295235016175494,-0.0097825665187636,-0.033889004868736,7.73816201855154e-06,8.65282321581284e-06,3.73077087633365e-06,9.39424272637657e-06
-0.0319654802533973,-0.0295218716533344,-0.00978036338888241,-0.0338881699002603,6.5952521205101e-06,7.20418428550723e-06,3.0253147913703e-06,7.87184791081058e-06
-0.0319666505655636,-0.0295202907681611,-0.00977831253346215,-0.0338873065376569,5.56345837602473e-06,5.89522138214754e-06,2.3873914311804e-06,6.49654364916208e-06
-0.0319676417506647,-0.0295187617763705,-0.00977640355734426,-0.033886425068114,4.63376349479905e-06,4.71528857243914e-06,1.81214398779078e-06,5.2569379416223e-06
-0.031968475594981,-0.0295172867272508,-0.00977462677122726,-0.0338855343030013,3.7978069934233e-06,3.65442133051785e-06,1.29498431919277e-06,4.14239423818241e-06
-0.0319691715122181,-0.0295158670080899,-0.00977297314384659,-0.0338846417472217,3.04784073562603e-06,2.70330027417678e-06,8.31583687771476e-07,3.14298809676872e-06
-0.0319697467843596,-0.0295145034359079,-0.00977143425737281,-0.0338837537512285,2.37668727923884e-06,1.85321632845126e-06,4.17863303280377e-07,2.24946589630348e-06
-0.0319702167794013,-0.0295131963389755,-0.00977000226581663,-0.0338828756473361,1.77770087860657e-06,1.09603730658048e-06,4.99847416617072e-08,1.45320554659212e-06
-0.0319705951480625,-0.0295119456291271,-0.00976866985624208,-0.0338820118718158,1.24473099417238e-06,4.24175891945711e-07,-2.75659696886629e-07,7.46179133329083e-07
-0.0319708940013972,-0.0295107508657888,-0.00976743021260188,-0.0338811660741359,7.7208816584573e-07,-1.69441001091064e-07,-5.62456634241662e-07,1.20917433323042e-07
-0.0319711240710598,-0.0295096113125554,-0.00976627698202041,-0.0338803412145878,3.54512111083727e-07,-6.91401513774198e-07,-8.13581215505094e-07,-4.29523766651285e-07
-0.0319712948538323,-0.0295085259870762,-0.0097652042433609,-0.033879539651427,-1.28580854019678e-08,-1.14783680704028e-06,-1.03200662147397e-06,-9.11595615264715e-07
-0.0319714147418781,-0.0295074937049397,-0.00976420647792402,-0.0338787632185591,-3.34511818071703e-07,-1.54444773593776e-06,-1.22051345459971e-06,-1.33128647421266e-06
-0.0319714911400596,-0.0295065131181813,-0.00976327854213467,-0.0338780132947043,-6.14592964597038e-07,-1.88653026956392e-06,-1.38169896577583e-06,-1.69415059610156e-06
-0.0319715305715397,-0.0295055827489796,-0.00976241564208311,-0.0338772908648931,-8.56924163177009e-07,-2.17899969330582e-06,-1.51798609408262e-06,-2.00533526966556e-06
-0.0319715387727775,-0.0295047010190556,-0.00976161330979554,-0.0338765965750619,-1.06502947246762e-06,-2.42641363137203e-06,-1.63163229582701e-06,-2.26960649867686e-06
-0.031971520778929,-0.029503866275234,-0.00976086738111705,-0.0338759307804497,-1.24215551781937e-06,-2.63299392862931e-06,-1.72473814333794e-06,-2.49137327940074e-06
-0.0319714810005734,-0.0295030768115887,-0.00976017397509787,-0.03387529358843,-1.39129122122411e-06,-2.80264743099737e-06,-1.79925567734586e-06,-2.67471053990581e-06
-0.0319714232926007,-0.029502330888546,-0.00975952947478103,-0.0338746848963508,-1.51518620689767e-06,-2.93898570402976e-06,-1.85699650014082e-06,-2.82338080288824e-06
-0.0319713510160205,-0.029501626749287,-0.00975893050929615,-0.0338741044249034,-1.61636796895681e-06,-3.04534372923965e-06,-1.89963959954312e-06,-2.94085463174026e-06
-0.0319712670933815,-0.0295009626337549,-0.00975837393717066,-0.0338735517474874,-1.69715788207736e-06,-3.12479761754511e-06,-1.92873889635035e-06,-3.0303299178025e-06
-0.0319711740584279,-0.0295003367905407,-0.00975785683077564,-0.0338730263159987,-1.75968613111421e-06,-3.18018137865361e-06,-1.94573051025097e-06,-3.09475006445709e-06
-0.03197107410056,-0.0294997474868961,-0.00975737646182889,-0.0338725274834192,-1.80590563093191e-06,-3.21410278489309e-06,-1.95193974123972e-06,-3.13682112210167e-06
-0.031970969104613,-0.0294991930170936,-0.0097569302878833,-0.0338720545235568,-1.83760500284402e-06,-3.22895836722334e-06,-1.948587765482e-06,-3.15902792572681e-06
-0.0319708606864206,-0.0294986717093326,-0.00975651593973323,-0.0338716066482435,-1.85642066995173e-06,-3.22694758034259e-06,-1.93679804609895e-06,-3.16364928477919e-06
-0.0319707502245839,-0.0294981819313699,-0.0097561312096764,-0.033871183022273,-1.86384812956436e-06,-3.21008617318319e-06,-1.91760246083528e-06,-3.15277227329325e-06
-0.0319706388888284,-0.0294977220950329,-0.00975577404057278,-0.0338707827763283,-1.86125245688062e-06,-3.18021879996966e-06,-1.89194714975832e-06,-3.12830566599059e-06
-0.0319705276652927,-0.0294972906597565,-0.0097554425156462,-0.0338704050181255,-1.84987809079967e-06,-3.13903090637391e-06,-1.86069808726444e-06,-3.09199256428444e-06
-0.0319704173790623,-0.0294968861352723,-0.0097551348489779,-0.0338700488419776,-1.83085794907417e-06,-3.08805992399463e-06,-1.8246463834911e-06,-3.04542225423171e-06
-0.0319703087142275,-0.0294965070835607,-0.00975484937664487,-0.0338697133369588,-1.80522191711718e-06,-3.02870580575626e-06,-1.78451332112466e-06,-2.9900413366854e-06
-0.0319702022317227,-0.0294961521201673,-0.00975458454845891,-0.0338693975938329,-1.77390475148559e-06,-2.96224093344205e-06,-1.74095513408995e-06,-2.92716416797761e-06
-0.0319700983851735,-0.0294958199149719,-0.00975433892026551,-0.0338691007108932,-1.7377534369048e-06,-2.88981942796196e-06,-1.69456753530001e-06,-2.85798264804127e-06
-0.0319699975349609,-0.0294955091924895,-0.00975411114676426,-0.0338688217988422,-1.69753403241046e-06,-2.8124858915575e-06,-1.6458900009772e-06,-2.78357539081758e-06
-0.0319698999606868,-0.0294952187317729,-0.00975389997481533,-0.0338685599848295,-1.65393804037878e-06,-2.73118361035496e-06,-1.59540981937122e-06,-2.70491631071401e-06
-0.0319698058722103,-0.0294949473659788,-0.00975370423719884,-0.0338683144157515,-1.60758832977448e-06,-2.64676224463745e-06,-1.5435659120773e-06,-2.62288265678867e-06
-0.0319697154194051,-0.0294946939816509,-0.00975352284679631,-0.0338680842609064,-1.55904464278767e-06,-2.55998503301963e-06,-1.49075243616181e-06,-2.53826252532424e-06
-0.0319696287007746,-0.0294944575177696,-0.00975335479116538,-0.0338678687140857,-1.50880871239989e-06,-2.47153553598056e-06,-1.43732217559346e-06,-2.45176187971263e-06
-0.0319695457710462,-0.0294942369646087,-0.00975319912748114,-0.033867666995178,-1.45732901617873e-06,-2.38202394297476e-06,-1.38358973037628e-06,-2.36401110535051e-06
-0.0319694666478562,-0.0294940313624373,-0.00975305497781911,-0.0338674783513488,-1.40500519048292e-06,-2.29199296650565e-06,-1.32983451190012e-06,-2.27557112593424e-06
-0.031969391317622,-0.0294938398000975,-0.00975292152475658,-0.0338673020578553,-1.35219212726856e-06,-2.20192334563288e-06,-1.27630355294464e-06,-2.18693910619683e-06
-0.0319693197406925,-0.0294936614134874,-0.00975279800727082,-0.033867137418547,-1.29920377437559e-06,-2.11223898021612e-06,-1.22321414061134e-06,-2.09855376494955e-06
-0.031969251855855,-0.0294934953839736,-0.00975268371691397,-0.0338669837660981,-1.24631665902875e-06,-2.02331171660075e-06,-1.17075628050696e-06,-2.01080032112555e-06
-0.0319691875842698,-0.0294933409367531,-0.00975257799424579,-0.0338668404620119,-1.1937731527259e-06,-1.93546580438964e-06,-1.11909500022898e-06,-1.92401509455792e-06
-0.0319691268328976,-0.0294931973391843,-0.00975248022550688,-0.0338667068964327,-1.1417844945974e-06,-1.84898204291795e-06,-1.06837250002899e-06,-1.83848978167755e-06
-0.0319690694974763,-0.029493063899101,-0.00975238983951609,-0.0338665824877954,-1.0905335895775e-06,-1.7641016356422e-06,-1.01871015847216e-06,-1.7544754260107e-06
-0.0319690154650978,-0.0294929399631243,-0.00975230630477693,-0.0338664666823421,-1.04017759606362e-06,-1.68102976932927e-06,-9.70210400536714e-07,-1.67218610164915e-06
-0.0319689646164321,-0.0294928249149832,-0.00975222912677886,-0.0338663589535282,-9.90850317406089e-07,-1.5999389344698e-06,-9.22958435499791e-07,-1.59180232740114e-06
-0.0319689168276392,-0.029492718173852,-0.00975215784548032,-0.0338662588013396,-9.42664410349958e-07,-1.52097200251458e-06,-8.77023871697843e-07,-1.51347422830406e-06
-0.0319688719720046,-0.0294926191927146,-0.00975209203296118,-0.0338661657515394,-8.95713422738309e-07,-1.4442450745264e-06,-8.32462214916604e-07,-1.43732446006295e-06
-0.0319688299213324,-0.0294925274567608,-0.00975203129123338,-0.0338660793548602,-8.5007367220391e-07,-1.3698501155901e-06,-7.89316257127429e-07,-1.36345091164558e-06
-0.0319687905471243,-0.02949244248182,-0.00975197525019875,-0.0338659991861548,-8.05805976569762e-07,-1.29785738809882e-06,-7.47617361780348e-07,-1.29192920000215e-06
-0.0319687537215706,-0.0294923638128373,-0.00975192356574455,-0.0338659248435192,-7.62957246207285e-07,-1.22831769678103e-06,-7.07386651825972e-07,-1.22281497030169e-06
-0.0319687193183772,-0.0294922910223946,-0.00975187591796705,-0.033865855947396,-7.21561947934768e-07,-1.16126445739648e-06,-6.6863610631053e-07,-1.15614601445269e-06
-0.0319686872134475,-0.0294922237092796,-0.00975183200951481,-0.0338657921396686,-6.8164344930316e-07,-1.09671560055008e-06,-6.31369571025761e-07,-1.09194421975961e-06
-0.0319686572854396,-0.0294921614971045,-0.00975179156404361,-0.0338657330827532,-6.43215251720786e-07,-1.03467532147627e-06,-5.95583688730097e-07,-1.03021735921305e-06
-0.0319686294162132,-0.0294921040329752,-0.00975175432477532,-0.0338656784586944,-6.06282120257928e-07,-9.75135685907236e-07,-5.61268753850389e-07,-9.70960733759352e-07
-0.0319686034911817,-0.0294920509862129,-0.00975172005315399,-0.0338656279682706,-5.70841117444876e-07,-9.18078101846964e-07,-5.28409496661914e-07,-9.14158677006727e-07
-0.0319685793995822,-0.0294920020471272,-0.00975168852759255,-0.0338655813301135,-5.36882547974571e-07,-8.63474666185082e-07,-4.96985801463901e-07,-8.59785931561774e-07
-0.0319685570346739,-0.0294919569258406,-0.00975165954230399,-0.0338655382798443,-5.04390820776912e-07,-8.11289394980069e-07,-4.66973363205322e-07,-8.07808906107266e-07
-0.0319685362938762,-0.029491915351165,-0.00975163290621142,-0.0338654985692315,-4.73345234487665e-07,-7.61479345377791e-07,-4.38344286672263e-07,-7.58186821499252e-07
-0.031968517078854,-0.0294918770695293,-0.00975160844193174,-0.0338654619653703,-4.43720691939431e-07,-7.13995636971582e-07,-4.11067632233655e-07,-7.10872754050573e-07
-0.031968499295559,-0.0294918418439554,-0.00975158598482799,-0.0338654282498883,-4.15488348948223e-07,-6.68784379667664e-07,-3.85109911805667e-07,-6.65814583113156e-07
-0.0319684828542332,-0.0294918094530849,-0.0097515653821257,-0.033865397218176,-3.88616202405545e-07,-6.25787514942772e-07,-3.60435538611717e-07,-6.22955850203277e-07
-0.0319684676693808,-0.0294917796902518,-0.00975154649208917,-0.0338653686786451,-3.63069622234813e-07,-5.84943576915908e-07,-3.37007234094827e-07,-5.82236536234015e-07
-0.0319684536597139,-0.0294917523626025,-0.00975152918325335,-0.0338653424520148,-3.38811831472607e-07,-5.46188379035167e-07,-3.14786395004193e-07,-5.43593762808436e-07
-0.0319684407480767,-0.0294917272902597,-0.00975151333370795,-0.0338653183706258,-3.15804338645032e-07,-5.09455632281136e-07,-2.93733423768067e-07,-5.0696242360343e-07
-0.0319684288613514,-0.0294917043055306,-0.00975149883043003,-0.0338652962777837,-2.94007326068213e-07,-4.746774998933e-07,-2.738080247984e-07,-4.72275751041418e-07
-0.0319684179303503,-0.0294916832521561,-0.00975148556866198,-0.0338652760271293,-2.73379997632606e-07,-4.41785093729941e-07,-2.54969469438635e-07,-4.39465823495744e-07
-0.0319684078896973,-0.0294916639846007,-0.00975147345133173,-0.0338652574820384,-2.53880889318492e-07,-4.10708916862013e-07,-2.37176831943339e-07,-4.08464017609411e-07
-0.0319683986776998,-0.0294916463673807,-0.00975146238851254,-0.0338652405150488,-2.35468145495799e-07,-3.81379256581688e-07,-2.20389198812496e-07,-3.79201410195817e-07
-0.031968390236215,-0.0294916302744296,-0.00975145229691948,-0.0338652250073141,-2.18099763873991e-07,-3.53726532120735e-07,-2.04565853650571e-07,-3.51609133968089e-07
-0.0319683825105123,-0.0294916155884992,-0.00975144309944043,-0.0338652108480848,-2.01733811662497e-07,-3.27681600596763e-07,-1.89666439538369e-07,-3.25618690705243e-07
-0.031968375449132,-0.0294916022005941,-0.00975143472469905,-0.0338651979342153,-1.86328615439657e-07,-3.03176024840646e-07,-1.75651100810248e-07,-3.0116222566462e-07
-0.0319683690037438,-0.0294915900094392,-0.00975142710664765,-0.0338651861696952,-1.71842927047805e-07,-2.80142306380293e-07,-1.62480606009582e-07,-2.78172766501883e-07
-0.0319683631290051,-0.0294915789209771,-0.0097514201841881,-0.0338651754652062,-1.58236067519801e-07,-2.58514086550615e-07,-1.50116453630569e-07,-2.56584429779438e-07
-0.0319683577824197,-0.029491568847896,-0.00975141390081866,-0.0338651657377019,-1.45468051077069e-07,-2.38226318605844e-07,-1.38520962186806e-07,-2.36332597922106e-07
-0.0319683529241991,-0.0294915597091849,-0.00975140820430514,-0.0338651569100103,-1.33499691065686e-07,-2.19215413536922e-07,-1.27657346051663e-07,-2.17354069437237e-07
-0.0319683485171261,-0.0294915514297152,-0.00975140304637479,-0.0338651489104579,-1.22292689308523e-07,-2.01419361897659e-07,-1.17489778342014e-07,-1.99587184779304e-07
-0.0319683445264216,-0.0294915439398478,-0.00975139838243123,-0.0338651416725159,-1.11809710719168e-07,-1.84777834005834e-07,-1.07983442106455e-07,-1.8297193010719e-07
-0.0319683409196146,-0.0294915371750645,-0.00975139417128922,-0.0338651351344648,-1.02014444329501e-07,-1.69232260566199e-07,-9.91045709195643e-08,-1.67450021203164e-07
-0.0319683376664163,-0.0294915310756206,-0.00975139037492766,-0.0338651292390793,-9.28716522852202e-08,-1.54725895713803e-07,-9.08204799889706e-08,-1.52964969496461e-07
-0.0319683347385991,-0.0294915255862207,-0.00975138695825998,-0.0338651239333312,-8.43472078987384e-08,-1.41203864153366e-07,-8.30995886668545e-08,-1.39462131829027e-07
-0.0319683321098786,-0.0294915206557134,-0.00975138388892025,-0.03386511916811,-7.64081239321146e-08,-1.28613194181476e-07,-7.59114353373475e-08,-1.26888745947962e-07
-0.0319683297558016,-0.0294915162368059,-0.00975138113706447,-0.0338651148979593,-6.90225721300397e-08,-1.16902838014077e-07,-6.92266854483009e-08,-1.15193953008352e-07
-0.0319683276536377,-0.0294915122857962,-0.00975137867518555,-0.0338651110808301,-6.21598950159563e-08,-1.06023680848666e-07,-6.30171334992796e-08,-1.04328808619991e-07
-0.0319683257822756,-0.0294915087623227,-0.00975137647794144,-0.0338651076778486,-5.57906107631623e-08,-9.59285399934617e-08,-5.72556996380341e-08,-9.42462837771885e-08
-0.0319683241221251,-0.0294915056291295,-0.00975137452199519,-0.0338651046530979,-4.98864119180542e-08,-8.65721551494836e-08,-5.19164215524032e-08,-8.49012567402663e-08
-0.0319683226550222,-0.0294915028518475,-0.00975137278586635,-0.0338651019734137,-4.44201588636894e-08,-7.79111710008662e-08,-4.69744422058188e-08,-7.62504971454914e-08
-0.0319683213641398,-0.0294915003987888,-0.00975137124979293,-0.0338650996081928,-3.93658684608167e-08,-6.99041131230205e-08,-4.24059939923421e-08,-6.82526431761143e-08
-0.0319683202339027,-0.0294914982407555,-0.00975136989560299,-0.0338650975292134,-3.46986987267983e-08,-6.25113579927339e-08,-3.81883797726662e-08,-6.08681728214711e-08
-0.0319683192499066,-0.0294914963508604,-0.00975136870659549,-0.0338650957104667,-3.03949299063078e-08,-5.56950980612481e-08,-3.42999512577269e-08,-5.40593700221192e-08
-0.0319683183988417,-0.0294914947043603,-0.00975136766742954,-0.0338650941280001,-2.64319425860582e-08,-4.94193025599166e-08,-3.0720085156255e-08,-4.77902864434721e-08
-0.0319683176684203,-0.0294914932784993,-0.00975136676402161,-0.0338650927597692,-2.27881932421403e-08,-4.36496747496795e-08,-2.74291574228064e-08,-4.202669962039e-08
-0.0319683170473084,-0.029491492052364,-0.00975136598345011,-0.0338650915855012,-1.94431876154866e-08,-3.83536062006917e-08,-2.44085159913782e-08,-3.67360680209039e-08
-0.0319683165250612,-0.0294914910067475,-0.00975136531386675,-0.0338650905865653,-1.63774524358784e-08,-3.35001287057879e-08,-2.16404522548203e-08,-3.18874837229588e-08
-0.031968316092062,-0.029491490124023,-0.00975136474441441,-0.0338650897458534,-1.35725056193969e-08,-2.90598642718742e-08,-1.91081715849445e-08,-2.74516230372446e-08
-0.0319683157394653,-0.0294914893880259,-0.00975136426515084,-0.0338650890476679,-1.10108254181007e-08,-2.50049737235414e-08,-1.67957631483362e-08,-2.34006956589816e-08
-0.0319683154591427,-0.0294914887839444,-0.00975136386697799,-0.033865088477617,-8.67581877173063e-09,-2.13091042242097e-08,-1.46881692104223e-08,-1.97083927927499e-08
-0.0319683152436319,-0.0294914882982171,-0.0097513635415764,-0.0338650880225174,-6.55178900715869e-09,-1.79473361484883e-08,-1.27711541567793e-08,-1.63498344446511e-08
-0.0319683150860896,-0.0294914879184379,-0.00975136328134446,-0.0338650876703034,-4.62390320477013e-09,-1.48961296041195e-08,-1.10312733791335e-08,-1.33015164299755e-08
-0.031968314980247,-0.029491487633268,-0.00975136307934206,-0.0338650874099424,-2.87815944688408e-09,-1.2133270919229e-08,-9.45584220819751e-09,-1.0541257214336e-08
-0.0319683149203672,-0.0294914874323537,-0.00975136292923846,-0.0338650872313563,-1.30135397596876e-09,-9.63781927876273e-09,-8.03290500957232e-09,-8.04814489357986e-09
-0.0319683149012068,-0.0294914873062497,-0.00975136282526391,-0.033865087125348,1.18951369587617e-10,-7.3900538119509e-09,-6.7512045797552e-09,-5.80248464554511e-09
-0.031968314917979,-0.0294914872463487,-0.00975136276216495,-0.0338650870835333,1.39446158786694e-09,-5.37142124182322e-09,-5.6001519099097e-09,-3.78574663978393e-09
-0.0319683149663194,-0.0294914872448154,-0.00975136273516299,-0.0338650870982779,2.53618033518865e-09,-3.56448440208545e-09,-4.56979648566502e-09,-1.98051478689232e-09
-0.0319683150422432,-0.0294914872945087,-0.00975136273990665,-0.0338650871626215,3.55443404570499e-09,-1.95288319890241e-09,-3.65080373050664e-09,-3.70447991726586e-10
-0.0317279946644929,-0.0291128580493837,-0.00953603343286939,-0.0334864579306821,0.000240324936592706,0.000378628818362169,0.000215326505200392,0.000378630399416463
-0.0312854978631197,-0.0284156961307547,-0.00913955221220115,-0.0327892960239202,0.000658142019285296,0.00103690733486396,0.000589694426968676,0.00103690891467548
-0.0306780747357857,-0.0274586897373321,-0.00859529549030891,-0.0318322896444733,0.0012060934794509,0.00190021497315158,0.0010806639493195,0.00190021654903523
-0.0299363382130223,-0.0262901394937326,-0.00793075553049578,-0.0306637248792113,0.00184959604643824,0.00291399761583646,0.00165718702339866,0.00291401333499975
-0.0290988798989726,-0.0249713395205256,-0.007180956339074,-0.0293447926981548,0.00251859615969626,0.00396743590887026,0.00225608895494428,0.00396757392211024
-0.0281757240690644,-0.0235197440593779,-0.0063563828319931,-0.0278925993832215,0.00320199455525769,0.00504161780586949,0.00286613508698913,0.00504228480834441
-0.0272077066151716,-0.0220036020127679,-0.00549716407267734,-0.0263745743932508,0.0038884568928392,0.0061155463677593,0.00347432844533523,0.00611780681257833
-0.0262239741331621,-0.0204762582656118,-0.0046361344714478,-0.0248425072203585,0.00454965765461901,0.00713911893849193,0.00405033384747567,0.0071451844154921
-0.0252025898640664,-0.018915337489684,-0.00376466751162607,-0.0232714693317096,0.00514536330215541,0.00804064713849782,0.00455059025026924,0.0080544681234697
-0.0241459636332707,-0.0173423904155082,-0.00290099021911321,-0.0216792917815401,0.00572987875726447,0.00889439979872237,0.00501353802457187,0.00892229206795391
-0.0230317185856621,-0.0157459087538324,-0.00204654420242877,-0.0200494910302708,0.00631384381578194,0.0097033259456999,0.00543620837213789,0.00975449950857438
-0.0218730968229588,-0.0141766239037605,-0.00124022596265939,-0.0184265407274724,0.00691139351634108,0.0104740168986074,0.00581707682280878,0.0105609666382246
-0.0206535742769373,-0.0126440737117343,-0.000499423132375514,-0.0168125259985035,0.00749077516805647,0.0111392617660452,0.00611214079739163,0.0112780828065247
-0.0193255528542632,-0.0111133960319908,0.000182194432056945,-0.0151641770825278,0.00810047936848265,0.0117574280988554,0.00634853047978517,0.0119679931230206
-0.0178344069943069,-0.00954112542032069,0.000815019401809914,-0.0134291037178866,0.00880579701178094,0.0124137447224626,0.00656878413074211,0.0127196218226713
-0.0162086476731811,-0.00801535970059594,0.00133442832781753,-0.0116863573683177,0.00959238381402387,0.013069522129041,0.00674548746517594,0.013497650407944
-0.0143109732304716,-0.00636219468160819,0.00182505625600193,-0.00975314695285364,0.0104658542533849,0.0137187637920981,0.0068702385242009,0.0142991919789006
-0.0121232024681214,-0.00459190048529449,0.00226797475901977,-0.00763158945003304,0.0114400447178843,0.0143698073111002,0.00694325150991686,0.0151354045605956
-0.00966802527057613,-0.00277476880545849,0.00261159092368735,-0.00538473930669099,0.0125595921306655,0.0150818686879938,0.00699446643180241,0.0160678318939608
-0.00692998998968232,-0.000917203498636897,0.00284192169943865,-0.00301255826164193,0.0137867982449972,0.0157872974635149,0.00698263327921951,0.0170305532874095
-0.00386033757561159,0.00103329832937932,0.00298064737007441,-0.00045744853299499,0.0151954877459442,0.0165965469133616,0.00696859722067271,0.0181352495210279
-0.000378246016713056,0.00318859569849679,0.003086177643603,0.00239569163032747,0.0167420379314068,0.0174378783624692,0.00691054751984035,0.0193108126144477
0.00352110411318254,0.00554959910783954,0.00315678286094741,0.00554917281101453,0.0184361518269134,0.0183257688168649,0.00681644484475833,0.0205718893390082
0.00775978468271077,0.00799278171482393,0.00312196026715653,0.00887962522419012,0.0202549016575722,0.0192251848835216,0.00666673193960552,0.0218832179884177
0.0123564674043483,0.0105508468610031,0.00300141353719332,0.0124190638149703,0.0222118769849042,0.0201611896687239,0.00647689077691672,0.0232690964262297
0.017294497808381,0.0132074326524131,0.00278915951514812,0.0161490572289464,0.0242598703478825,0.021065958177627,0.00621055206064493,0.0246603270967703
0.0226254573617147,0.016060811954353,0.00254680588174898,0.0201643155150954,0.0263683524769409,0.021900706755069,0.00584879228285598,0.0260161745795326
0.0282947076982235,0.0190481497425682,0.00224643681778105,0.0243971327630391,0.0285588854564278,0.0227122000742129,0.00542250943074044,0.0273807232170017
0.0343177627738061,0.0222200043599965,0.00192558841075311,0.0288925957396815,0.0307968410169278,0.0234635510386459,0.00491666837569993,0.0287133837571812
0.0406768537158743,0.0255766373480468,0.0015939126031645,0.0336450458646372,0.0331840642182348,0.0243368712356712,0.00444211953971675,0.0301917312631632
0.0473244256412243,0.029071929643625,0.00123486857602286,0.0386023291815548,0.0356776453127745,0.0252897090624823,0.0039831799123369,0.0317680441746169
0.0541963939471871,0.032632625242423,0.000816114577133466,0.0436853840122765,0.0382509746925923,0.0263046461093018,0.00353818512197558,0.0334197698832037
0.0611755847701969,0.0361012487336381,0.000257218828935891,0.0487310500134558,0.0408173403928633,0.0272667336339192,0.00304905011367048,0.0350274200350788
0.0683719233259774,0.03967945547053,-0.000317562125235068,0.0539350185398535,0.0433728093080985,0.0281891495580814,0.00252978526725837,0.03660011334156
0.0757494015722777,0.0433448996365184,-0.000909372103835826,0.059267739598453,0.0459119049039553,0.0290828427796638,0.00199320146352783,0.0381446970269009
0.0832549985240277,0.0470485825371152,-0.00153446172276818,0.0646729786135364,0.0484306106899559,0.0299620387673121,0.00145430132075255,0.0396710903511909
0.0908833283245492,0.0508142805049866,-0.00216845901350581,0.0701677526751838,0.0509754514843336,0.0309206029736743,0.000973383086076236,0.0412688502075705
0.0985328592282853,0.0545130680663165,-0.00287424570960967,0.075616633129848,0.0535088824381094,0.0319190051451486,0.000534564926426338,0.0428943352263272
0.10623069439465,0.0582164664915301,-0.00360145457575342,0.0810851031675877,0.0560642912789568,0.0330256793719254,0.000182090083735721,0.0446126626910441
0.113948664245763,0.0619099641069302,-0.00434829273228584,0.08655239298988,0.0585729519706684,0.0341440006650437,-0.00013507331524275,0.0463247659297899
0.121674532074367,0.0656032022648995,-0.00509955062700188,0.0920220847569364,0.0610433821409872,0.0352936861914627,-0.000403594021490898,0.0480490427106918
0.129386953126677,0.0692897641767688,-0.00584972560390998,0.0974820603858415,0.0633761912332197,0.0363207914135766,-0.000710131177456471,0.0496309938938653
0.137102215748572,0.0730201207726141,-0.00656177101437634,0.102977593163004,0.0656256189616546,0.0373106629649266,-0.0010061841842248,0.0511559889570895
0.144757763509717,0.0767178857905501,-0.00727167130545727,0.10842765141331,0.0677474079343825,0.0381944825488538,-0.00133058446096461,0.052555018939548
0.152336824166022,0.080374309749444,-0.00797845781190302,0.113819782427669,0.0697116241179392,0.0389266846602286,-0.00170870865146168,0.0537821839307472
0.159850354745977,0.0840219897010238,-0.00865843525281619,0.119183370590932,0.0715925848900754,0.0396272281792377,-0.00207136985216828,0.0549568414105149
0.16717391669652,0.0874785062681121,-0.00941076093111586,0.124333139651382,0.0734277081635306,0.0403610743415923,-0.00237960332275509,0.0561426937359037
0.174311691838511,0.0907612240420257,-0.0102219353091326,0.129284196488039,0.0750670952000519,0.0408983354612473,-0.00276203566308953,0.0571085373732894
0.181306486133953,0.0939513392578378,-0.0110411555641646,0.134114855571862,0.0766336497861411,0.0414359148954918,-0.00310558799077887,0.0580505913767576
0.188223684400353,0.0971684723284969,-0.0117948079934089,0.138941258280264,0.0781199283637861,0.0419676256626112,-0.00341191553378267,0.0589615079676599
0.194997552463542,0.100325135863134,-0.0125272400313852,0.143672548687006,0.0795142138257717,0.0424802233324209,-0.00368679624252321,0.0598269498830794
0.20137709444169,0.103036785087103,-0.0134534780222306,0.147921897528398,0.0805710118796372,0.0425895163113545,-0.00414785196606487,0.0602621830639505
0.20739559757409,0.105364180835934,-0.0145361699569952,0.151748323301629,0.0813484802900384,0.0423876625906929,-0.00474249373188535,0.060359254593954
0.213072195027766,0.107356470967416,-0.0157409739923036,0.155196992467049,0.0818876272134149,0.0419479887445952,-0.00542608834051254,0.0601896646335625
0.21841361408718,0.109052290702325,-0.0170364889337428,0.158300666314174,0.0822121428893484,0.0413260670417537,-0.00616089437154683,0.0598051623069573
0.223417458043224,0.110481694928538,-0.0183942444379404,0.161082311743499,0.0823333740036041,0.0405634033547696,-0.00691536031684098,0.0592423029374587
0.228074926149024,0.111667807273327,-0.0197886497931306,0.163557302668448,0.0822543380843705,0.039690514085741,-0.00766346700838172,0.0585262054322025
0.232373042891471,0.112628218520957,-0.0211969095479929,0.165735261307856,0.0819729176660713,0.0387294738438058,-0.00838411440950659,0.0576736205520985
0.236296463312058,0.113376165376641,-0.0225989132923803,0.167621585903007,0.0814843596631613,0.0376960076829299,-0.00906055243970266,0.0566954098189191
0.239828915137672,0.11392151813398,-0.023977105940457,0.169218707489799,0.0807831918305672,0.0366011941538047,-0.00967985515204812,0.0555985243617656
0.242954331945598,0.114271602973771,-0.0253163439638511,0.170527113962476,0.0798646548022713,0.0354528379589407,-0.0102324372457273,0.0543875626860327
0.245657725088752,0.114431881734471,-0.0266037421925428,0.171546175237792,0.07872573510341,0.0342565636868851,-0.0107116115753525,0.0530659762441307
0.247925836004476,0.114406509245626,-0.0278285150554258,0.172274799140998,0.0773658720566843,0.0330166751197864,-0.0111131860275,0.0516369820505355
0.249747605000215,0.114198785806318,-0.0289818154732386,0.172711943826073,0.0757873999822455,0.0317368181368593,-0.0114350978868814,0.0501042326647892
0.251114487709394,0.113811520158034,-0.0300565740407836,0.17285700916034,0.0739957767627146,0.0304204794049497,-0.0116770836198267,0.0484722858474453
0.252020646126259,0.113247316343699,-0.0310473406367902,0.172710126541779,0.0719996408462086,0.0290713479296995,-0.0118403818661799,0.0467469091780725
0.252463037407089,0.112508796139922,-0.0319501301707562,0.172272364041454,0.0698107311322821,0.0276935621607346,-0.0119274673529369,0.0449352489441123
0.252441420399467,0.111598767266935,-0.0327622738086076,0.171545861526703,0.0674436978998942,0.0262918616879516,-0.0119418134213595,0.0430458876442101
0.251958297061193,0.11052034628794,-0.0334822767053309,0.170533908474578,0.0649158279127678,0.024871659591926,-0.0118876808889479,0.0410888104403983
0.251018803490998,0.109277043976294,-0.034109683005776,0.169240975483922,0.0622467029585897,0.0234390491583029,-0.0117699310419858,0.039075297752974
0.249630563157127,0.107872819928657,-0.0346449486482719,0.167672708998647,0.0594578081998431,0.0220007568576805,-0.0115938606656519,0.0370177588122153
0.247803513028604,0.106312112312648,-0.0350893223139865,0.165835897430584,0.0565721046712266,0.0205640521421017,-0.0113650571583871,0.0349295192392922
0.245549711647615,0.104599847840526,-0.0354447347032924,0.163738415690185,0.0536135788738108,0.0191366236227696,-0.0110892719362447,0.0328245744917996
0.242883136697374,0.102741436341592,-0.0357136961846041,0.161389154075264,0.0506067815054065,0.0177264304735201,-0.010772310502097,0.0307173201395202
0.239819478292359,0.100742753654138,-0.0358992027477009,0.158797936514483,0.0475763667482248,0.0163415373544236,-0.0104199377248136,0.0286222692970037
0.236375933026943,0.0986101159645887,-0.0360046500994046,0.15597543230027,0.0445466430381837,0.0149899406789882,-0.010037797036499,0.02655376700334
0.232571002749023,0.0963502481808332,-0.0360337556620975,0.152933064665524,0.0415411457151269,0.0136793935769466,-0.00963134240435655,0.0245257107934776
0.2284243010665,0.0939702484348004,-0.0359904881728022,0.149682918853065,0.0385822412789744,0.0124172363680982,-0.00920578206203785,0.0225512860587639
0.223956369738934,0.0914775503635763,-0.0358790045306118,0.146237651692039,0.0356907720685852,0.0112102387156795,-0.00876603308963328,0.0206427239831425
0.219188506349939,0.0888798844179441,-0.0357035935016899,0.14261040412918,0.0328857489930989,0.0100644588459629,-0.00831668601001545,0.0188110888316407
0.214142603995626,0.0861852390920392,-0.0354686258626321,0.138814717664082,0.0301840984755795,0.0089851243014239,-0.00786197862241042,0.0170661001558185
0.208841003159752,0.0834018226585573,-0.0351785105436987,0.13486445520682,0.0276004680495582,0.00797653765503258,-0.00740577832412601,0.0154159940914206
0.203306355477294,0.0805380257315161,-0.0348376563224429,0.13077372651399,0.0251470931458556,0.00704200948695306,-0.00695157218221043,0.0138674264049301
0.197561498714893,0.0776023847638103,-0.0344504386148391,0.126556818066263,0.0228337256081391,0.00618381975824592,-0.0065024640135178,0.0124254183636472
0.191629342018413,0.0746035464200842,-0.034021170914498,0.122228127026945,0.0206676224821207,0.00540320756194246,-0.0060611777199327,0.0110933449334633
0.185532760292919,0.0715502326463838,-0.0335540804402937,0.117802098765849,0.0186535917384018,0.00470038814413058,-0.00563006611116944,0.00987296332647626
0.179294496484909,0.0684512061852344,-0.0330532875680636,0.113293167343725,0.0167940899083193,0.00407459511645416,-0.00521112443602382,0.00876447859807577
0.172937070524934,0.0653152362555563,-0.0325227886422798,0.108715698325518,0.0150893652154258,0.00352414496826815,-0.00480600783879969,0.00776664188929079
0.16648269375255,0.0621510641272584,-0.0319664417879816,0.104083933320039,0.0135376387303188,0.00304652036167435,-0.00441605196431496,0.00687687606790385
0.159953187774519,0.0589673683652192,-0.0313879553709765,0.0994119357216509,0.012135315396212,0.00263846827260644,-0.0040422959545706,0.00609142296522138
0.153369906888787,0.055772729590341,-0.0307908787845089,0.0947135372472446,0.0108772164740612,0.00229610882929398,-0.00368550711367294,0.00540550613937286
0.14675366342698,0.0525755946992238,-0.0301785952723355,0.0900022850086268,0.00975682502242749,0.00201505068644722,-0.00334620656452556,0.0048135031076553
0.140124655611969,0.0493842405909628,-0.0295543165305306,0.0852913890254958,0.00876653642157491,0.00179050893929948,-0.00302469527969034,0.00430912125165514
0.133502397779099,0.0462067375616608,-0.0289210788624589,0.0805936702559715,0.00789790662111816,0.00161742189804537,-0.00272107993738977,0.00388557207009396
0.126905653055192,0.0430509126367325,-0.028281740692358,0.0759215093892384,0.00714189167359554,0.00149056347683593,-0.00243529812908902,0.00353573908860527
0.12035236881482,0.0399243132108441,-0.0276389812720991,0.071286796798117,0.0064890731459427,0.00140464846665934,-0.00216714252441631,0.00325233548274534
0.113859615426885,0.0368341714492546,-0.0269953004423074,0.0667008841796126,0.00592986511094779,0.00135442852282671,-0.0019162836793223,0.00302804828074766
0.107443528957058,0.0337873699675447,-0.0263530193326143,0.0621745385118049,0.0054546995501237,0.00133477727264061,-0.00168229125153247,0.00285566683973817
0.101119258596655,0.0307904093458567,-0.0257142819060396,0.0577178990210424,0.0050541880947153,0.00134076350861413,-0.00146465346108417,0.00272819409317725
0.0949009196426184,0.0278493780470043,-0.0250810572691969,0.0533404378817342,0.00471925904939046,0.00136771195407676,-0.00126279470111858,0.00263893981548503
0.0888015528560372,0.0249699252949123,-0.0244551426831412,0.0490509253617376,0.00444126955105814,0.00141125155369054,-0.00107609126370906,0.00258159581761313
0.0828330909803786,0.0221572374320304,-0.0238381672193997,0.0448574000811811,0.00421209349165314,0.00146735163964212,-0.000903885196479215,0.00255029355841278
0.0770063331101428,0.0194160182141483,-0.0232315960122831,0.0407671449751032,0.00402418646726747,0.00153234664883514,-0.000745496347726979,0.00253964512233389
0.0713309274727416,0.0167504734219736,-0.0226367350623634,0.0367866694455593,0.00387062950429311,0.00160295031580111,-0.000600232690791869,0.00254476887231064
0.065815363029247,0.0141643000752118,-0.0220547365474547,0.0329216980629731,0.00374515366125207,0.00167626044272125,-0.000467399042910365,0.0025613013412229
0.060466970122286,0.0116606804314589,-0.021486604597061,0.0291771660361958,0.00364214782337555,0.00174975545736518,-0.000346304310498742,0.00258539708389995
0.055291930211078,0.00924228084385598,-0.0209332014845571,0.0255572215229341,0.00355665211036879,0.00182128401948105,-0.000236267402572939,0.00261371828506553
0.0502952945434713,0.00691125544291327,-0.0203952541888524,0.0220652347036385,0.0034843393231611,0.00188904893506631,-0.000136621957856893,0.00264341591952017
0.0454810114311727,0.00466925450354601,-0.0198733612744252,0.0187038133988244,0.00342148678080965,0.00195158659541368,-4.67200300807366e-05,0.00267210420259831
0.040851961624449,0.00251743726198615,-0.0193680000357997,0.0154748248775196,0.0033649407620088,0.00200774308322238,3.40651289532125e-05,0.00269782996483516
0.0364100011323458,0.000456488861934647,-0.0188795338501407,0.0123794233875179,0.0033120755837921,0.00205664799024684,0.000106337056796659,0.00271903844742258
0.0321560107084142,-0.00151335896257056,-0.0184082196799004,0.00941808283967951,0.00326074913835626,0.00209768687795531,0.000170674716417548,0.00273453685584231
0.0280899511229985,-0.00339230391705825,-0.017954215666587,0.00659063400083063,0.00320925648087621,0.00213047319148858,0.00022763167021257,0.00274345683799117
0.0242109232728257,-0.0051809463800724,-0.0175175887568277,0.00389630549397244,0.00315628282795539,0.00215482031371633,0.000277735693099751,0.00274521687850852
0.0205172321370678,-0.00688026035652313,-0.0170983223030313,0.00133376787056202,0.00310085709702297,0.00217071432510946,0.000321488737758226,0.00273948542960385
0.0170064535751784,-0.00849156267777589,-0.0166963235830845,-0.00109881999323321,0.00304230689851174,0.00217828792010503,0.000359367176732704,0.00272614543562624
0.0136755029735946,-0.0100164809718024,-0.0163114311865889,-0.00340376291773811,0.00298021569007029,0.00217779582425214,0.000391822257177519,0.00270526075764903
0.0105207047830561,-0.0114569209107259,-0.0159434222190355,-0.00558378057577689,0.00291438261872821,0.00216959196041568,0.000419280714266914,0.00267704486793003
0.00753786204251674,-0.0128150332164103,-0.0155920192798999,-0.00764195846184321,0.00284478541474744,0.00215410852764743,0.00044214549860958,0.00264183206364314
0.00472232505577612,-0.014093180869323,-0.0152568971757532,-0.00958169930163353,0.00277154656057559,0.00213183708335333,0.000460796581307044,0.00260005134527003
0.00206905846931102,-0.0152939069237432,-0.0149376893349705,-0.0114066754686376,0.00269490283964998,0.00210331165794713,0.000475591807570003,0.00255220301730259
-0.00042729390933844,-0.0164199032854766,-0.0146339938963121,-0.0131207829073992,0.00261517827185928,0.00206909388076515,0.000486867776076512,0.00249883799672478
-0.00277234711736172,-0.017473980758433,-0.0143453794493996,-0.0147280969920295,0.00253276036382387,0.00202976005584609,0.00049494072657265,0.00244053975702779
-0.00497191633360243,-0.0184590406154305,-0.0140713904107737,-0.0162328306759745,0.00244807954104849,0.00198589009530357,0.000500107422651613,0.00237790879093416
-0.00703196183671968,-0.0193780478979203,-0.0138115520246764,-0.0176392952170101,0.00236159158348768,0.0019380581953911,0.000502646020284559,0.00231154944209554
-0.00895853790114549,-0.0202340066002433,-0.0135653749828485,-0.0189518636917634,0.00227376285413418,0.00188682512490138,0.000502816915605938,0.00224205893327038
-0.010757745819085,-0.0210299368475815,-0.0133323596623917,-0.020174937448192,0.0021850580899006,0.00183273198618854,0.000500863567768307,0.00217001840437962
-0.0124356911552132,-0.0217688541337586,-0.0131119999850518,-0.0213129155835189,0.00209593051341045,0.00177629530483425,0.000497013294465162,0.00209598576694821
-0.0139984452669196,-0.0224537506460509,-0.0129037869051006,-0.0223701674799401,0.00200681402157145,0.00171800330385198,0.000491478039058742,0.0020204901804349
-0.0154520110576177,-0.0230875786695763,-0.0127072115362975,-0.0233510083815038,0.00191811721036154,0.00165831322147798,0.000484455109219682,0.00194402795962006
-0.016802292874112,-0.0236732360338127,-0.012521767931206,-0.0242596779531819,0.0018302190036792,0.0015976495372689,0.000476127887656079,0.00186705972948464
-0.0180550704113383,-0.0242135535384103,-0.0123469555284192,-0.0251003217273424,0.00174346566614225,0.00153640297874897,0.000466666515941827,0.00179000865393157
-0.0192159764487574,-0.0247112842745857,-0.012182281285045,-0.0258769753134466,0.00165816899428869,0.0014749301896517,0.000456228552700872,0.00171325957646846
-0.0202904782118869,-0.0251690947418337,-0.0120272615131334,-0.0265935512235459,0.00157460549683542,0.00141355395040557,0.000444959607510535,0.00163715892391052
-0.0212838621293495,-0.025589557647169,-0.0118814234396429,-0.0272538281486234,0.0014930163917396,0.00135256385152155,0.00043299395189049,0.00156201523771538
-0.0222012217397313,-0.0259751462652788,-0.0117443065100694,-0.0278614425085372,0.00141360826518119,0.00129221733063778,0.000420455108676072,0.00148810021127799
-0.0230474484927668,-0.0263282302324485,-0.0116154634560506,-0.0284198820907336,0.00133655425476836,0.00123274099390973,0.000407456420959707,0.00141565012503796
-0.023827225185124,-0.0266510726445252,-0.011494461147151,-0.0289324815894399,0.00126199563589547,0.00117433215201314,0.000394101601642485,0.00134486758431235
-0.0245450217715968,-0.0269458283290912,-0.0113808812466735,-0.0294024198571558,0.00119004370598959,0.00111716051011197,0.000380485264484665,0.00127592347716588
-0.0252050932970647,-0.0272145431640642,-0.0112743206907736,-0.029832718683375,0.00112078187617642,0.00106136995963566,0.000366693437390242,0.00120895908122735
-0.025811479702439,-0.0274591543187181,-0.0111743920094135,-0.0302262429210547,0.00105426789356107,0.00100708042754975,0.00035280405851508,0.00114408825906849
-0.0263680072683106,-0.0276814912983037,-0.011080723506819,-0.030585701788909,0.000990536129786952,0.000954389745957601,0.000338887455656189,0.0010813996915319
-0.0268782914725303,-0.0278832776797009,-0.0109929593181324,-0.0309136511866797,0.000929599882783894,0.000903375511329088,0.000325006809264615,0.00102095910721317
-0.0273457410519438,-0.0280661334325761,-0.0109107593579123,-0.0312124968707214,0.000871453648658496,0.000854096908425701,0.000311218599328504,0.000962811474179842
-0.0277735630734738,-0.0282315777280843,-0.0108337991750489,-0.03148449834816,0.000816075329550633,0.000806596479100048,0.000297573036295972,0.00090698312697754
-0.0281647688352762,-0.0283810321450371,-0.0107617697275601,-0.0317317733592427,0.000763428351039059,0.000760901820626905,0.000284114476149839,0.000853483808074672
-0.0285221804344309,-0.0285158241914445,-0.0106943770896315,-0.0319563028290027,0.000713463669394385,0.00071702720211049,0.000270881819706238,0.000802308608186988
-0.0288484378532573,-0.0286371910672958,-0.0106313421021767,-0.0321599361808144,0.000666121654728208,0.000674975090853236,0.00025790889618545,0.000753439794462463
-0.0291460064316344,-0.0287462836022235,-0.0105723999771395,-0.0323443969156071,0.000621333840955661,0.00063473758341142,0.000245224831094059,0.000706848519358663
-0.0294171846074437,-0.0288441703092034,-0.0105172998647395,-0.0325112883713084,0.000579024537558689,0.000596297738449388,0.00023285439846046,0.000662496406274908
-0.0296641118213074,-0.0289318415026013,-0.0104658043918972,-0.0326620995873862,0.000539112301493512,0.000559630810483672,0.000220818357479174,0.000620337010674106
-0.0298887764950421,-0.0290102134356204,-0.0104176891791581,-0.0327982112090575,0.000501511270307384,0.000524705385225678,0.000209133773640884,0.000580317157605981
-0.0300930240056176,-0.0290801324185004,-0.0103727423425781,-0.0329209013747999,0.000466132359695309,0.000491484418530384,0.000197814324453219,0.000542378158284992
-0.0302785645878613,-0.0291423788846409,-0.0103307639862343,-0.0330313515391762,0.00043288433040764,0.00045992618197823,0.00018687058988971,0.000506456909737038
-0.0304469811096508,-0.0291976713771563,-0.0102915656902902,-0.0331306521906717,0.000401674730682443,0.000429985118896022,0.000176310327740004,0.000472486882561116
-0.0305997366728994,-0.0292466704332212,-0.0102549699988663,-0.0332198084312307,0.000372410721282274,0.000401612615194183,0.000166138734071453,0.000440399002603307
-0.030738182002273,-0.0292899823479373,-0.0102208099113499,-0.03329974539049,0.000344999790819984,0.000374757689792997,0.0001563586890498,0.000410122432852357
-0.0308635625913143,-0.029328162803366,-0.0101889283802197,-0.0333713134533496,0.000319350369411518,0.000349367609658417,0.000146970988403371,0.000381585262178699
-0.0309770255825306,-0.0293617203518407,-0.0101591778179562,-0.0334352932845362,0.000295372348839876,0.000325388434592393,0.000137974560850646,0.000354715107685588
-0.0310796263640711,-0.0293911197457257,-0.0101314196151536,-0.0334924006382354,0.000272977517392692,0.000302765496946418,0.000129366671843942,0.000329439637452467
-0.0311723348709304,-0.029416785108456,-0.0101055236715502,-0.0335432909447241,0.000252079917380188,0.000281443821369728,0.000121143114012522,0.000305687020353926
-0.0312560415832266,-0.0294391029439916,-0.0100813679413332,-0.0335885636692796,0.000232596133080486,0.00026136848958104,0.000113298384715414,0.000283386309455312
-0.0313315632180597,-0.0294584249837961,-0.0100588379937612,-0.0336287664415072,0.000214445516520362,0.000242484954980984,0.000105825851138065,0.000262467765237993
-0.0313996481148317,-0.029475070872113,-0.0100378265898696,-0.0336643989556588,0.000197550358104204,0.000224739311712956,9.87179033872677e-05,0.000242863124611699
-0.0314609813167418,-0.029489330691714,-0.0100182332757872,-0.0336959166445572,0.000181836008669056,0.000208078522544036,9.19660960551853e-05,0.000224505821340766
-0.0315161893535297,-0.0295014673334391,-0.00999996399298119,-0.033723734131425,0.000167230959085496,0.000192450609683564,8.55612787363652e-05,0.000207331163159429
-0.0315658447324604,-0.0295117187137809,-0.00998293070557417,-0.0337482284652863,0.000153666883055362,0.000177804812392879,7.94937159910303e-05,0.000191276470487486
-0.03161047014609,-0.0295202998455011,-0.00996705104472046,-0.0337697421467067,0.000141078648286601,0.000164091714970976,7.37531972538549e-05,0.000176281181290198
-0.0316505424065593,-0.0295274047668333,-0.00995224796990632,-0.0337885859514749,0.000129404300763553,0.000151263348433142,6.83291371903396e-05,0.000162286926261752
-0.0316864961170728,-0.0295332083352431,-0.0099384494469291,-0.033805041560467,0.000118585026380978,0.00013927326893598,6.321066700243e-05,0.000149237578155159
-0.0317187270918799,-0.0295378678920052,-0.00992558814222416,-0.0338193640043763,0.000108565093780058,0.000128076615747225,5.83867171821875e-05,0.000137079278737351
-0.0317475955365123,-0.0295415248040337,-0.00991360113313747,-0.0338317839322758,9.9291781815232e-05,0.000117630151312442,5.38460922065217e-05,0.000125760446519046
-0.0317734290002788,-0.0295443058894868,-0.00990242963368528,-0.033842509713131,9.07152946963696e-05,0.000107892285737529,4.95775376582134e-05,0.000115231768097114
-0.031796525113113,-0.0295463247336723,-0.00989201873529891,-0.0338517293794126,8.2788667492055e-05,9.88230877842292e-05,4.55698002484149e-05,0.000105446175653987
-0.0318171541188206,-0.0295476829017155,-0.00988231716201996,-0.0338596124218959,7.54676643476768e-05,9.0384284269121e-05,4.18116812041531e-05,9.63588128854026e-05
-0.0318355612166235,-0.0295484710543413,-0.00987327703958876,-0.0338663114445933,6.87106714665556e-05,8.25392495625507e-05,3.8292083470998e-05,8.79269913735825e-05
-0.0318519687226543,-0.0295487699729581,-0.00986485367785359,-0.0338719636885582,6.24785866235947e-05,7.52529867049795e-05,3.50000531666103e-05,8.01101391894876e-05
-0.0318665780627352,-0.0295486515000423,-0.00985700536592106,-0.0338766924330441,5.67347067275403e-05,6.84921014923734e-05,3.19248157051016e-05,7.28697432930484e-05
-0.0318795716074099,-0.0295481794005985,-0.0098496931794656,-0.033880608282204,5.14446147197103e-05,6.22247707305866e-05,2.90558069957463e-05,6.61692871050945e-05
-0.0318911143597754,-0.0295474101502344,-0.00984288079961953,-0.0338838103451909,4.65760668918874e-05,5.64207057194427e-05,2.63827001024241e-05,5.99741844466775e-05
-0.031901355506221,-0.0295463936551343,-0.00983653434287232,-0.033886387317171,4.20988815234141e-05,5.10511119010647e-05,2.38954277325242e-05,5.42517108818308e-05
-0.0319104298397089,-0.0295451739089539,-0.00983062220141795,-0.0338884184684021,3.79848295753785e-05,4.60886454920241e-05,2.15842009061735e-05,4.89709333550067e-05
-0.0319184590647574,-0.0295437895913927,-0.00982511489340289,-0.0338899745481595,3.42075280369905e-05,4.15073678154618e-05,1.94395241385915e-05,4.41026388859136e-05
-0.0319255529927952,-0.0295422746129336,-0.00981998492254246,-0.033891118609921,3.07423363939061e-05,3.72826979561265e-05,1.74522074503497e-05,3.96192629691094e-05
-0.0319318106360776,-0.0295406586099745,-0.00981520664659039,-0.0338919067638526,2.75662565794449e-05,3.33913642774873e-05,1.56133755023404e-05,3.54948182237635e-05
-0.0319373212078701,-0.0295389673943146,-0.00981075615416473,-0.0338923888622735,2.46578366752681e-05,2.98113552655091e-05,1.39144741346017e-05,3.17048237488335e-05
-0.0319421650361388,-0.0295372233607067,-0.00980661114945259,-0.03389260912342,2.19970785471715e-05,2.65218700970307e-05,1.23472745707804e-05,2.82262355594184e-05
-0.0319464143975258,-0.0295354458559367,-0.00980275084433566,-0.0338926066984865,1.95653495326936e-05,2.35032692714882e-05,1.09038755329929e-05,2.50373784107458e-05
-0.0319501342779464,-0.0295336515126591,-0.00979915585749879,-0.0338924161865836,1.73452982389216e-05,2.07370255924585e-05,9.5767034954241e-06,2.21178792553442e-05
-0.0319533830657194,-0.0295318545509847,-0.00979580812010377,-0.0338920681019345,1.53207744601619e-05,1.82056757393294e-05,8.35851128892784e-06,1.94486025266588e-05
-0.0319562131827313,-0.0295300670506042,-0.00979269078763088,-0.0338915892973268,1.34767531849364e-05,1.58927726287422e-05,7.24237525365386e-06,1.7011587396816e-05
-0.0319586716587475,-0.0295282991960227,-0.00978978815751015,-0.0338910033475419,1.17992626285784e-05,1.3782838729829e-05,6.22169112176295e-06,1.47899871171808e-05
-0.0319608006536134,-0.0295265594972865,-0.00978708559218396,-0.0338903308962096,1.02753162016106e-05,1.18613204662908e-05,5.29016879832582e-06,1.27680105171668e-05
-0.0319626379317392,-0.0295248549883985,-0.00978456944726168,-0.0338895899692765,8.89284830300763e-06,1.0114543811033e-05,4.44182619482002e-06,1.09308657083168e-05
-0.0319642172929291,-0.0295231914054466,-0.00978222700444507,-0.0338887962580263,7.64065381157752e-06,8.52967115584635e-06,3.67098225699351e-06,9.26470601707308e-06
-0.03196556896331,-0.0295215733463072,-0.00978004640892146,-0.0338879633743652,6.50833113712002e-06,7.09465951813371e-06,2.97224931663717e-06,7.75657814938713e-06
-0.031966719949818,-0.0295200044136332,-0.00977801661093862,-0.0338871030808646,5.48622868437598e-06,5.79822012913844e-06,2.34052488520993e-06,6.39437257404091e-06
-0.0319676943614309,-0.0295184873426953,-0.00977612731129177,-0.0338862254978541,4.56539457810434e-06,4.62977943335371e-06,1.77098299671517e-06,5.16677609785354e-06
-0.0319685137000811,-0.0295170241155142,-0.00977436891046921,-0.0338853392896685,3.73752949443806e-06,3.57944151568867e-06,1.25906519676637e-06,4.06322659493585e-06
-0.031969197123942,-0.0295156160625971,-0.00977273246121773,-0.0338844518319778,2.99494244333787e-06,2.63795196232819e-06,8.00471265457667e-07,3.07386984338409e-06
-0.0319697616855645,-0.02951426395348,-0.009771209624304,-0.0338835693619661,2.33050934796836e-06,1.79666315194144e-06,3.91149752729941e-07,2.1895184158377e-06
-0.031970222547131,-0.0295129680771722,-0.00976979262726109,-0.0338826971129755,1.73763426938173e-06,1.0475009660782e-06,2.7288396505995e-08,1.40161256508009e-06
-0.0319705931749073,-0.0295117283135013,-0.00976847422592299,-0.0338818394350897,1.21021312817632e-06,3.82932901422939e-07,-2.94695513625501e-07,7.02183042100568e-07
-0.0319708855147947,-0.0295105441962694,-0.00976724766856189,-0.0338809999030064,7.42599779647579e-07,-2.04062438995123e-07,-5.78164771709508e-07,8.38157809754381e-08
-0.0319711101507227,-0.0295094149690463,-0.0097661066624547,-0.0338801814124252,3.29574303604974e-07,-7.200245027289e-07,-8.26271840802251e-07,-4.60381616565475e-07
-0.0319712764474725,-0.0295083396343531,-0.00976504534271665,-0.0338793862660706,-3.36866242123257e-08,-1.17103862359164e-06,-1.04196834551165e-06,-9.36811664943582e-07
-0.0319713926793826,-0.0295073169969155,-0.00976405824324965,-0.0338786162503684,-3.51637406525995e-07,-1.56276256943824e-06,-1.22801443453065e-06,-1.35141711555403e-06
-0.0319714661462616,-0.0295063457016086,-0.00976314026966359,-0.0338778727037018,-6.28389365854576e-07,-1.90045183772261e-06,-1.38698798102591e-06,-1.70970948250304e-06
-0.0319715032777146,-0.0295054242666499,-0.00976228667403726,-0.0338771565770872,-8.67734868292835e-07,-2.18898373584991e-06,-1.52129359345422e-06,-2.01679604087956e-06
-0.031971509726983,-0.0295045511125484,-0.00976149303139505,-0.0338764684880338,-1.07316983857797e-06,-2.43288028474453e-06,-1.6331714137105e-06,-2.27740536376531e-06
-0.0319714904552981,-0.0295037245872672,-0.00976075521778294,-0.0338758087682788,-1.2479147697142e-06,-2.63632998476204e-06,-1.72470568334838e-06,-2.49591146293804e-06
-0.0319714498076598,-0.0295029429880138,-0.00976006938983576,-0.0338751775060255,-1.39493432436966e-06,-2.80320848342758e-06,-1.79783306215701e-06,-2.67635659677995e-06
-0.0319713915808664,-0.029502204580028,-0.00975943196573418,-0.0338745745832516,-1.51695561947246e-06,-2.93709818478469e-06,-1.85435068657432e-06,-2.82247280671694e-06
-0.031971319084549,-0.0295015076127067,-0.00975883960745721,-0.0338739997086022,-1.61648527998576e-06,-3.0413068400556e-06,-1.89592395833348e-06,-2.93770224222417e-06
-0.0319712351958901,-0.0295008503333644,-0.00975828920424193,-0.0338734524463292,-1.69582534256807e-06,-3.11888515888009e-06,-1.92409405617468e-06,-3.02521633195607e-06
-0.0319711424086489,-0.0295002309989034,-0.00975777785716829,-0.0338729322416995,-1.75708808466957e-06,-3.17264348030297e-06,-1.94028516591234e-06,-3.08793385686568e-06
-0.0319710428770507,-0.0294996478856361,-0.00975730286479226,-0.0338724384432466,-1.80220984981327e-06,-3.20516754175743e-06,-1.9458114261222e-06,-3.12853797899276e-06
-0.0319709384550531,-0.0294990992974784,-0.00975686170975591,-0.0338719703222092,-1.83296393538313e-06,-3.21883338392365e-06,-1.94188358852189e-06,-3.14949227772643e-06
-0.0319708307314456,-0.0294985835727116,-0.00975645204630757,-0.0338715270894617,-1.85097260465422e-06,-3.21582142835328e-06,-1.9296153936782e-06,-3.15305584303038e-06
-0.0319707210612024,-0.0294980990894856,-0.00975607168867022,-0.0338711079102143,-1.85771828102588e-06,-3.19812976403225e-06,-1.91002966418163e-06,-3.14129747339825e-06
-0.0319706105934645,-0.0294976442702228,-0.00975571860019992,-0.0338707119167307,-1.85455397838652e-06,-3.16758667822867e-06,-1.88406411855309e-06,-3.11610902434256e-06
-0.0319705002964918,-0.0294972175850613,-0.00975539088328053,-0.0338703382192861,-1.84271301811867e-06,-3.12586246575819e-06,-1.85257691018813e-06,-3.07921795093813e-06
-0.0319703909798936,-0.0294968175544624,-0.00975508676990428,-0.0338699859155668,-1.82331807971337e-06,-3.07448055021295e-06,-1.81635189661945e-06,-3.0321990865112e-06
-0.0319702833144159,-0.0294964427510943,-0.00975480461289156,-0.0338696540986904,-1.79738962897968e-06,-3.01482794930891e-06,-1.77610364503374e-06,-2.97648569749093e-06
-0.0319701778495365,-0.0294960918010891,-0.00975454287770598,-0.0338693418640079,-1.76585376499006e-06,-2.94816511587498e-06,-1.73248218074927e-06,-2.91337985276058e-06
-0.0319700750290944,-0.0294957633847637,-0.00975430013482441,-0.0338690483148323,-1.72954952371018e-06,-2.87563518458836e-06,-1.68607748570436e-06,-2.84406214395155e-06
-0.0319699752051583,-0.0294954562368792,-0.00975407505262386,-0.0338687725672218,-1.68923567446522e-06,-2.79827265392552e-06,-1.63742375458749e-06,-2.76960079186039e-06
-0.0319698786503176,-0.0294951691465102,-0.0097538663907501,-0.0338685137539333,-1.64559704222966e-06,-2.71701153144177e-06,-1.58700341648318e-06,-2.690960172122e-06
-0.0319697855685625,-0.0294949009565832,-0.00975367299393514,-0.033868271027649,-1.59925038716036e-06,-2.63269296963201e-06,-1.53525093013994e-06,-2.60900879206494e-06
-0.0319696961049019,-0.0294946505631387,-0.00975349378623286,-0.0338680435635681,-1.55074987031462e-06,-2.54607241868821e-06,-1.48255636120767e-06,-2.52452674902315e-06
-0.0319696103538541,-0.0294944169143635,-0.0097533277656446,-0.0338678305614445,-1.50059213284426e-06,-2.45782632125879e-06,-1.42926874985121e-06,-2.43821269906713e-06
-0.0319695283669306,-0.0294941990094355,-0.00975317399910785,-0.0338676312471436,-1.44922101399242e-06,-2.36855837339178e-06,-1.37569927712543e-06,-2.35069036357005e-06
-0.0319694501592216,-0.0294939958972162,-0.00975303161782353,-0.0338674448737828,-1.3970319317283e-06,-2.27880537512215e-06,-1.32212423869724e-06,-2.26251460004601e-06
-0.0319693757151813,-0.029493806674823,-0.00975289981289879,-0.033867270722513,-1.34437594816184e-06,-2.18904269277259e-06,-1.26878783422886e-06,-2.17417706196293e-06
-0.0319693049936999,-0.0294936304861101,-0.00975277783128396,-0.0338671081029909,-1.29156354056886e-06,-2.0996893545025e-06,-1.21590478076132e-06,-2.08611147149013e-06
-0.0319692379325413,-0.0294934665200793,-0.00975266497198357,-0.0338669563535888,-1.2388680974626e-06,-2.0111127993945e-06,-1.16366275835188e-06,-1.99869852762768e-06
-0.031969174452217,-0.0294933140092444,-0.00975256058252299,-0.0338668148413796,-1.1865291578636e-06,-1.92363329987177e-06,-1.11222469599374e-06,-1.91227047132564e-06
-0.031969114459359,-0.0294931722279647,-0.00975246405565326,-0.0338666829619331,-1.13475541091423e-06,-1.83752807587922e-06,-1.06173090569546e-06,-1.82711532781266e-06
-0.0319690578496484,-0.0294930404907644,-0.00975237482627802,-0.0338665601389542,-1.08372747158886e-06,-1.75303511885938e-06,-1.01230107244811e-06,-1.74348084568121e-06
-0.0319690045103506,-0.0294929181506498,-0.00975229236858762,-0.0338664458237898,-1.03360044773071e-06,-1.67035674253357e-06,-9.64036107586538e-07,-1.66157815102708e-06
-0.0319689543225025,-0.029492804597437,-0.00975221619338618,-0.0338663394948281,-9.84506312105837e-07,-1.5896628765763e-06,-9.17019872757538e-07,-1.58158513412915e-06
-0.0319689071627909,-0.0294926992560966,-0.0097521458455988,-0.0338662406568108,-9.36556092845375e-07,-1.51109411881956e-06,-8.71320781593507e-07,-1.50364958514254e-06
-0.0319688629051602,-0.0294926015851267,-0.00975208090194663,-0.0338661488400774,-8.89841894363697e-07,-1.43476456061428e-06,-8.26993285867397e-07,-1.4278920946742e-06
-0.03196882142218,-0.0294925110749573,-0.0097520209687785,-0.0338660635997556,-8.44438760437549e-07,-1.36076439930313e-06,-7.84079252687947e-07,-1.35440873382658e-06
-0.0319687825862029,-0.0294924272463936,-0.00975196568004867,-0.0338659845149122,-8.00406390083497e-07,-1.28916235116183e-06,-7.42609239039183e-07,-1.28327352804519e-06
-0.0319687462703358,-0.029492349649101,-0.00975191469543062,-0.0338659111876773,-7.57790716496287e-07,-1.22000787737553e-06,-7.02603669739191e-07,-1.21454073789828e-06
-0.0319687123492511,-0.0294922778601359,-0.00975186769855804,-0.0338658432423494,-7.16625358374023e-07,-1.15333323502664e-06,-6.64073924580913e-07,-1.14824695940374e-06
-0.0319686806998539,-0.0294922114825241,-0.00975182439538422,-0.0338657803244928,-6.76932952664577e-07,-1.08915536446361e-06,-6.27023340278934e-07,-1.08441305594204e-06
-0.0319686512018275,-0.0294921501438888,-0.00975178451265201,-0.0338657221000327,-6.38726376921139e-07,-1.02747762368433e-06,-5.91448132445521e-07,-1.02304593272567e-06
-0.0319686237380693,-0.0294920934951299,-0.00975174779646689,-0.0338656682543554,-6.02009869170306e-07,-9.68291380076813e-07,-5.5733824274283e-07,-9.64140164691485e-07
-0.0319685981950343,-0.0294920412091543,-0.00975171401096623,-0.0338656184914176,-5.66780052474458e-07,-9.11577468894892e-07,-5.24678115962698e-07,-9.07679487655022e-07
-0.0319685744629972,-0.0294919929796586,-0.00975168293707835,-0.0338655725328709,-5.33026871231412e-07,-8.57307527780959e-07,-4.93447411679601e-07,-8.53638162261194e-07
-0.0319685524362452,-0.0294919485199624,-0.00975165437136522,-0.0338655301172031,-5.00734445282869e-07,-8.05445215613931e-07,-4.6362165478063e-07,-8.01982219397757e-07
-0.03196853201321,-0.0294919075618942,-0.00975162812494336,-0.0338654909989011,-4.6988184826402e-07,-7.5594732414086e-07,-4.35172829073988e-07,-7.52670595884075e-07
-0.0319685130965489,-0.0294918698547266,-0.00975160402247763,-0.0338654549476362,-4.40443815329095e-07,-7.0876478957399e-07,-4.08069917794129e-07,-7.05656167700186e-07
-0.0319684955931831,-0.0294918351641617,-0.00975158190124301,-0.0338654217474742,-4.1239138590804e-07,-6.63843611629911e-07,-3.82279394832083e-07,-6.60886688680362e-07
-0.0319684794142976,-0.0294918032713654,-0.0097515616102498,-0.0338653911961125,-3.85692486101763e-07,-6.21125686661728e-07,-3.5776567007019e-07,-6.18305641325589e-07
-0.0319684644753113,-0.0294917739720479,-0.00975154300942817,-0.033865363104143,-3.60312455496836e-07,-5.80549561160493e-07,-3.34491492224795e-07,-5.77853006292206e-07
-0.031968450695821,-0.0294917470755913,-0.00975152596886781,-0.0338653372943443,-3.36214522486666e-07,-5.4205111161415e-07,-3.1241831224306e-07,-5.39465956794771e-07
-0.0319684379995241,-0.0294917224042211,-0.00975151036810927,-0.0338653136010012,-3.13360232387372e-07,-5.05564156365323e-07,-2.91506610251499e-07,-5.03079483515911e-07
-0.0319684263141238,-0.029491699792221,-0.00975149609548332,-0.0338652918692522,-2.9170983169291e-07,-4.7102100462354e-07,-2.71716188752005e-07,-4.68626955456297e-07
-0.0319684155712213,-0.0294916790851891,-0.00975148304749526,-0.0338652719544669,-2.71222612292787e-07,-4.38352947523812e-07,-2.53006434702135e-07,-4.36040621741574e-07
-0.0319684057061958,-0.0294916601393338,-0.00975147112825111,-0.033865253721649,-2.51857218684648e-07,-4.07490695936152e-07,-2.3533655292389e-07,-4.05252059104688e-07
-0.0319683966580776,-0.0294916428208088,-0.00975146024892289,-0.0338652370448691,-2.33571921297304e-07,-3.78364769123424e-07,-2.18665773059692e-07,-3.76192569359612e-07
-0.0319683883694143,-0.029491627005084,-0.00975145032725035,-0.0338652218067233,-2.16324858741401e-07,-3.50905838521903e-07,-2.02953532311631e-07,-3.48793531057545e-07
-0.0319683807861334,-0.0294916125763522,-0.00975144128707677,-0.0338652078978185,-2.00074251451021e-07,-3.25045030072357e-07,-1.88159635858276e-07,-3.22986709086481e-07
-0.0319683738574019,-0.0294915994269692,-0.00975143305791652,-0.0338651952162838,-1.84778589415457e-07,-3.00714188855578e-07,-1.74244396886764e-07,-2.98704525739102e-07
-0.0319683675354855,-0.0294915874569259,-0.00975142557455219,-0.0338651836673066,-1.703967960065e-07,-2.77846109113244e-07,-1.61168757971397e-07,-2.75880296697617e-07
-0.0319683617756071,-0.0294915765733514,-0.00975141877665944,-0.0338651731626932,-1.56888370142494e-07,-2.56374732797437e-07,-1.48894395410326e-07,-2.54448434863774e-07
-0.0319683565358074,-0.0294915666900448,-0.00975141260845754,-0.0338651636204522,-1.44213508704305e-07,-2.36235319327205e-07,-1.37383808019101e-07,-2.34344624969185e-07
-0.0319683517768064,-0.0294915577270349,-0.00975140701838411,-0.0338651549644016,-1.32333210930979e-07,-2.1736458927224e-07,-1.26600391846948e-07,-2.15505971623564e-07
-0.0319683474618679,-0.0294915496101663,-0.00975140195879214,-0.0338651471237962,-1.21209366606145e-07,-1.99700844395745e-07,-1.16508502064766e-07,-1.97871123305826e-07
-0.0319683435566677,-0.0294915422707104,-0.00975139738566806,-0.0338651400329767,-1.10804829450695e-07,-1.83184066124276e-07,-1.07073503244348e-07,-1.81380374449092e-07
-0.0319683400291644,-0.0294915356449997,-0.00975139325836929,-0.0338651336310383,-1.01083477199726e-07,-1.67755994828073e-07,-9.82618092136567e-08,-1.65975747909441e-07
-0.0319683368494748,-0.0294915296740856,-0.00975138953937999,-0.0338651278615184,-9.20102596821404e-08,-1.53360191476604e-07,-9.00409134422381e-08,-1.51601059587836e-07
-0.0319683339897533,-0.0294915243034159,-0.00975138619408386,-0.0338651226721029,-8.35512361102575e-08,-1.3994208376833e-07,-8.23794109924142e-08,-1.38201967231355e-07
-0.0319683314240758,-0.0294915194825336,-0.00975138319055263,-0.0338651180143487,-7.56736026757965e-08,-1.27448998146762e-07,-7.52470128637106e-08,-1.25726004815419e-07
-0.0319683291283279,-0.0294915151647943,-0.0097513804993495,-0.0338651138434241,-6.83457115485675e-08,-1.15830179309162e-07,-6.86145536308441e-08,-1.14122604255584e-07
-0.031968327080098,-0.0294915113071012,-0.00975137809334621,-0.0338651101178637,-6.15370821382966e-08,-1.05036798599134e-07,-6.24539930188517e-08,-1.03343105725684e-07
-0.0319683252585743,-0.0294915078696573,-0.009751375947553,-0.0338651067993388,-5.52184055563343e-08,-9.502195252864e-08,-5.67384122341502e-08,-9.3340758032523e-08
-0.0319683236444481,-0.0294915048157336,-0.0097513740389605,-0.0338651038524418,-4.93615429919547e-08,-8.57406525674176e-08,-5.14420055632708e-08,-8.40707099353244e-08
-0.0319683222198192,-0.0294915021114519,-0.00975137234639283,-0.0338651012444837,-4.39395188983616e-08,-7.71498073967591e-08,-4.65400679487693e-08,-7.54899938948395e-08
-0.0319683209681084,-0.0294914997255821,-0.00975137085037102,-0.033865098945305,-3.89265093700408e-08,-6.92081984290938e-08,-4.20089789569117e-08,-6.75575029113196e-08
-0.0319683198739725,-0.0294914976293528,-0.00975136953298614,-0.0338650969270975,-3.42978266829053e-08,-6.18764496446156e-08,-3.78261837009203e-08,-6.02339615338177e-08
-0.0319683189232245,-0.0294914957962741,-0.00975136837778148,-0.0338650951642384,-3.00299002053972e-08,-5.51169924839501e-08,-3.39701711742774e-08,-5.34818918457303e-08
-0.0319683181027582,-0.0294914942019724,-0.00975136736964306,-0.0338650936331343,-2.61002544299505e-08,-4.88940265531979e-08,-3.0420450313276e-08,-4.72655751135309e-08
-0.0319683174004763,-0.0294914928240364,-0.00975136649469807,-0.0338650923120761,-2.24874844440004e-08,-4.31734767797343e-08,-2.71575242589278e-08,-4.15510098619731e-08
-0.0319683168052226,-0.0294914916418728,-0.00975136574022047,-0.0338650911811027,-1.91712293193258e-08,-3.79229477369403e-08,-2.4162863068028e-08,-3.63058669516914e-08
-0.0319683163067186,-0.0294914906365727,-0.0097513650945435,-0.0338650902218739,-1.61321437666673e-08,-3.31116755646066e-08,-2.14188752498123e-08,-3.14994422351278e-08
-0.0319683158955031,-0.0294914897907863,-0.00975136454697843,-0.0338650894175517,-1.33518684442002e-08,-2.87104780574698e-08,-1.89088783224961e-08,-2.71026072973246e-08
-0.0319683155628754,-0.0294914890886064,-0.00975136408773921,-0.0338650887526898,-1.08129991002737e-08,-2.46917033069893e-08,-1.66170686967393e-08,-2.30877586632205e-08
-0.0319683153008422,-0.0294914885154604,-0.00975136370787262,-0.0338650882131302,-8.49905500144299e-09,-2.10291774271898e-08,-1.45284910629817e-08,-1.94287660543191e-08
-0.0319683151020674,-0.0294914880580089,-0.00975136339919347,-0.0338650877859067,-6.3944467360022e-09,-1.76981515345731e-08,-1.26290075029567e-08,-1.61009198890172e-08
-0.0319683149598251,-0.0294914877040523,-0.00975136315422455,-0.0338650874591555,-4.48444366363265e-09,-1.46752484816992e-08,-1.09052664884479e-08,-1.30808783527225e-08
-0.0319683148679558,-0.0294914874424431,-0.00975136296614104,-0.0338650872220314,-2.75514125402943e-09,-1.19384094728059e-08,-9.34467192167943e-09,-1.03466144957265e-08
-0.0319683148208244,-0.0294914872630051,-0.00975136282871893,-0.0338650870646302,-1.19342843246661e-09,-9.46684096739259e-09,-7.93535235611709e-09,-7.87736344209922e-09
-0.0319683148132823,-0.0294914871564576,-0.00975136273628732,-0.0338650869779162,2.13044970553966e-10,-7.24096194462676e-09,-6.66613050696874e-09,-5.65356995940736e-09
-0.0319683148406306,-0.0294914871143461,-0.00975136268368424,-0.0338650869536549,1.47590037413714e-09,-5.24235180265897e-09,-5.52649317628329e-09,-3.65683666680994e-09
-0.0319683148985867,-0.0294914871289765,-0.00975136266621573,-0.0338650869843508,2.60606226182292e-09,-3.45369908713589e-09,-4.5065616568335e-09,-1.8698730064326e-09
