-0.031968362152899,-0.0294915476985413,-0.00975139244434881,-0.0338651504620408,0,0,0,0
-0.0319683580613744,-0.0294915425712859,-0.00975138997204732,-0.0338651450584355,2.67454311475568e-09,2.07209150532295e-09,4.58124888719214e-10,2.52080331608617e-09
-0.0317280338676761,-0.029112908564119,-0.00953605837721505,-0.0334865108025528,0.000240325561114862,0.000378633279444089,0.000215330211668981,0.000378634131996916
-0.0312864489994674,-0.0284171845380382,-0.00914039527517441,-0.0327907865526282,0.000662782740145376,0.00104422061249257,0.000593854126686645,0.00104422182850234
-0.0306815420838923,-0.0274641435166666,-0.00859839403782535,-0.0318377453285816,0.00122053968080152,0.00192297539034003,0.00109360802303747,0.00192297693252559
-0.0299491770176773,-0.0263103591075542,-0.00794225183207925,-0.0306839462025292,0.0018505211067888,0.00291545342698318,0.00165801440304845,0.00291546948942685
-0.0291566782178435,-0.025062392828394,-0.00723273600720441,-0.0294358478933571,0.00251746961215818,0.00396564961453583,0.00225506924267217,0.0039657900157794
-0.0282921180474044,-0.0237030997034805,-0.00646065007975567,-0.0280759603097309,0.00319491827405197,0.00503042057148674,0.00285975085053373,0.00503109771915579
-0.0273797677540865,-0.0222745301138907,-0.00565118997797239,-0.0266455354700549,0.00390621642485417,0.0061434186856946,0.0034901432679136,0.00614570178963016
-0.0264277412126049,-0.0207964974217859,-0.00481798794755661,-0.02516291390881,0.00456727244858826,0.00716669368097788,0.00406595604989876,0.00717279638613418
-0.0254398649992408,-0.0192863878812678,-0.00397475136593548,-0.0236431023665348,0.00524571343760905,0.00819845483140257,0.00464023718605192,0.00821233778876919
-0.0244520816675747,-0.0178173665380802,-0.0031686513703853,-0.0221558012129716,0.00590121747515757,0.0091637332221929,0.00516650349965034,0.00919175410721628
-0.0234430797209368,-0.0163781122821007,-0.00240073446661506,-0.0206850265354925,0.00656294131915782,0.0100941312897187,0.00565790658033175,0.0101456510420108
-0.0223519682975469,-0.0149004643946926,-0.00164157798161218,-0.0191567986401027,0.00715131800728571,0.0108472066342908,0.00602769301329802,0.0109351653246535
-0.021161461104657,-0.0133895322015642,-0.000904965512738036,-0.0175694503567642,0.00777806520893444,0.0115798848797352,0.00635868809431795,0.0117212216637474
-0.0198437628027451,-0.0118378499315887,-0.00019886835132583,-0.015907905121119,0.00842949680592324,0.0122509871463945,0.00662087585315357,0.012466750996929
-0.0183826360108064,-0.0102594975884614,0.000455367016819065,-0.0141779332121629,0.00911224992647863,0.0128521199749283,0.00680314317495982,0.0131673092439382
-0.0168161598036199,-0.00875614092356144,0.000985907718337188,-0.0124724697112595,0.00990853350921768,0.0134949718957654,0.00696301057589233,0.0139383211965685
-0.0150498976077953,-0.00722094658457397,0.00143940112665503,-0.0106758915679494,0.0108028920667131,0.0141397971013703,0.00707269659080422,0.0147432665679034
-0.012988156149983,-0.00554195558722385,0.0018664675436903,-0.00866810915691777,0.0118504899094056,0.0148604699160438,0.00716982918599175,0.0156587513121166
-0.0106364587922742,-0.00376134643833862,0.00223186109073783,-0.006484287290359,0.0129970991086879,0.0155607273627438,0.00719602196560519,0.0165907806025666
-0.00793270017175847,-0.00181062806001717,0.00256465989280199,-0.00404978423464226,0.0142904203987085,0.0163070464507281,0.00718616289450496,0.0176076492529014
-0.0048769766358707,0.000285167289099336,0.00284226020883698,-0.00138441949465718,0.0157125428917096,0.0170653636924435,0.00711891419277758,0.0186765182794031
-0.00144901552627353,0.00253792231026701,0.00306467423866219,0.00152789186324697,0.0172192608237982,0.0177635367884585,0.00695240878294514,0.0197257681786397
0.00237584807629142,0.00497144094706284,0.00324037585224897,0.00471410821349662,0.0188766011064627,0.0185062897769182,0.00674643856414285,0.0208599768703558
0.00645874621786568,0.00735751900738949,0.00323641714009066,0.00794799795504749,0.0206447040812425,0.0192364086268953,0.00647034401621402,0.0220207600747277
0.0109562802457641,0.00993867841000913,0.00318930745506414,0.0114729642953295,0.0225757252905595,0.0200457102503598,0.00617958584070707,0.023297913983251
0.0158359957825518,0.0126697756905552,0.00307538757194516,0.0152426090018914,0.0246712098528125,0.0209497033188873,0.00588738104029224,0.0247042080436438
0.0211234847658938,0.015604652300992,0.00292982482260682,0.0193079407403264,0.0268718871452568,0.0218702167229479,0.00555438877821362,0.0261582842920088
0.0267480930817645,0.0186498766176583,0.00270549904167745,0.0235717807167897,0.029146866782741,0.0227738753168573,0.00516677172230966,0.027623563469389
0.0326651226504944,0.0217557375275379,0.00238110477672522,0.027980078504408,0.0315503202251543,0.0237622987253022,0.00478779408393216,0.0291982561286763
0.0389682850881999,0.0250942790642539,0.00206269076291766,0.0326997661175152,0.0340116460235195,0.0247428302117066,0.00437100908328553,0.0307858133992163
0.0455776297543308,0.0285692791244414,0.0017055373600083,0.0376283902316736,0.0365268865133428,0.0257278922430244,0.00392975640869339,0.032394748707653
0.0523819780200218,0.0320352371932392,0.00123687364628488,0.0426142354823473,0.0391145497963543,0.0267655123398143,0.00349769517659933,0.0340691365733783
0.0594032877111277,0.0355559454917517,0.000702798254542943,0.0477149769156431,0.0417219370030231,0.0277922773807698,0.00304535868974506,0.0357414543154745
0.0665631342239634,0.0390411330483326,6.31688557718984e-05,0.0528333692350795,0.0444125077046664,0.0289267636642064,0.00264643583769206,0.0375263824468415
0.0738961461383001,0.0425812649950212,-0.00061849018187129,0.0580523545925424,0.0470834456949641,0.0300249679532414,0.00222507975134209,0.0392761495347041
0.0814283280033316,0.0462565930173075,-0.00128332826495443,0.063443954826798,0.0497102042590688,0.0310632755085709,0.0017729251618219,0.0409639857864392
0.089079194240647,0.0499798070181911,-0.00196771600576724,0.0689125848704351,0.0522949152318172,0.0320588020535454,0.00130433260705517,0.0426041246741875
0.0968640142218143,0.0538101853891563,-0.00262609586568352,0.0745101438497946,0.0548677427042617,0.0330737615311272,0.000859624064107313,0.0442557024394589
0.104722959106248,0.0576857797812231,-0.00328283091064029,0.0801679134374127,0.057428440554115,0.0341228885740025,0.000452265141552392,0.0459302853909752
0.112525553335007,0.0614287797592739,-0.00402970839586203,0.0857022679404462,0.0599415172062101,0.0351637049280073,6.26180214552824e-05,0.0475825795647689
0.120362000923764,0.0652056315265667,-0.00476388717471143,0.0912745565316107,0.0623053642611062,0.0360465178891466,-0.000390953253074824,0.049060714757121
0.128139057371329,0.0688961940523858,-0.00554469003449807,0.0967590300905812,0.0645610144512227,0.0368441568594087,-0.000864278457416268,0.0504358062321229
0.135849292140651,0.0725131527468106,-0.00635669913657027,0.102163263537176,0.0667172156044313,0.037580637692465,-0.00134025790501098,0.051729725805164
0.143534016927833,0.0761458728021087,-0.00714092678576468,0.107571535563365,0.0687570363687828,0.0382412382605959,-0.00182324401173908,0.0529252469414381
0.151140927365651,0.0797360017068055,-0.00792246874239452,0.112920454061115,0.0707573573615012,0.0389588567083571,-0.00223369772098059,0.0541528015542778
0.158657800424839,0.0832845937283735,-0.00869389421912431,0.118206817717512,0.0726965037214843,0.0397107780991305,-0.0025806916756747,0.0553872791043152
0.166023634372489,0.0867133384129946,-0.00949375289453318,0.123348586996646,0.074563186841736,0.0404868596923601,-0.00286742377351369,0.0566169356208543
0.173284957418818,0.0901109933511362,-0.0102663710562678,0.12843128220725,0.0763313842757195,0.0412490299614363,-0.00311456107173809,0.0578030862693633
0.180445990503173,0.0934997663278432,-0.01099388668829,0.133473851627778,0.0779586957959003,0.0419295151624604,-0.0033609737050621,0.0588781608267525
0.187459287248321,0.0968177395633913,-0.0117071963204572,0.138411688421746,0.079466975364148,0.0425592735115049,-0.00359022356604822,0.0598738451657324
0.194076318003779,0.09968224545974,-0.0126209341959403,0.142860261289265,0.0806189728977143,0.0427609896821767,-0.00401807769948414,0.0604135621648674
0.20033211543837,0.10215555496046,-0.013697306477421,0.146880358598597,0.0814788431679661,0.0426322322203802,-0.00459022810187361,0.060595615438137
0.206247057258888,0.104288064445741,-0.0149015008265818,0.150518544562176,0.0820920984336539,0.0422506954964293,-0.00526047521478056,0.0604964445954987
0.211828624705996,0.106119392588997,-0.0162016255016885,0.153808606750429,0.0824857103910655,0.0416754421473148,-0.0059896575054615,0.0601716410313832
0.217074781163425,0.107680356629672,-0.0175687110163419,0.156774233556679,0.0826733110866944,0.0409507317646986,-0.00674494223450017,0.0596606912256912
0.221976775023642,0.108994659595325,-0.0189766683252507,0.159431273123761,0.0826594019755653,0.0401092203344955,-0.00749916015172695,0.058990895230311
0.22652143898031,0.110080321335085,-0.0204022120371279,0.161789623532147,0.0824427140583774,0.0391746138956919,-0.00823018431659041,0.0581805735021341
0.230693053840323,0.110950884904057,-0.0218247561911288,0.163854801657988,0.0820188474797254,0.0381638518281211,-0.00892035282164027,0.0572416640707414
0.234474839130242,0.111616427496358,-0.0232262891699992,0.165629234337762,0.0813823053666731,0.0370888876098516,-0.00955593484011387,0.0561818015554696
0.237850126205521,0.112084402297381,-0.0245912334022396,0.167113311073972,0.0805280232854553,0.0359581274151811,-0.0101266390777546,0.0550059592181912
0.240803262938958,0.112360334684008,-0.0259062946540016,0.168306233001642,0.0794524825170597,0.0347775795708832,-0.0106251633817966,0.0537177250758013
0.243320292783666,0.112448393373037,-0.0271603049430662,0.169206688526168,0.0781544827148459,0.0335517608220278,-0.0110467839589282,0.0523202733390205
0.245389445290385,0.11235185452407,-0.028344062426373,0.169813382105935,0.0766356377542665,0.0322843987653565,-0.0113889823935356,0.0508170833525862
0.247001470087512,0.112073474491968,-0.0294501710170544,0.170125439152119,0.0749006479804483,0.0309789638304641,-0.0116511084485789,0.0492124499862076
0.248149841899836,0.111615784898968,-0.030472881970942,0.170142706954291,0.0729573927606547,0.0296390589121294,-0.0118340764800388,0.0475118221849054
0.248830860338789,0.110981321937247,-0.0314079392383985,0.169865968881118,0.0708168793154272,0.028268690214547,-0.0119400932034243,0.045722000177819
0.249043664874013,0.110172800287446,-0.0322524299969181,0.169297086802835,0.0684930772192396,0.0268724390532404,-0.0119724145153381,0.0438512166559019
0.248790182519844,0.109193240713475,-0.0330046414552684,0.168439084685254,0.0660026626587419,0.0254555512370376,-0.011935129090065,0.0419091230095297
0.24807502327216,0.108046059236577,-0.0336639247436655,0.167296184565556,0.0633646924047334,0.0240239581634967,-0.0118329665343418,0.0399066983856168
0.246905336149914,0.106735124773705,-0.0342305664699957,0.165873804595498,0.0606002243548061,0.0225842418339686,-0.0116711279854519,0.0378560967773922
0.245290636779961,0.105264791222931,-0.0347056683236507,0.164178527492036,0.0577318992779811,0.0211435545450929,-0.0114551371702259,0.0357704454796062
0.243242615770812,0.103639909172413,-0.0350910349411116,0.162218046539231,0.0547834968668842,0.0197095029500505,-0.0111907100965297,0.0336636068976326
0.240774935616094,0.101865821683848,-0.0353890701066994,0.160001095215,0.0517794781955587,0.018290005409178,-0.0108836417152374,0.0315499147547679
0.237903022524459,0.099948347944517,-0.0356026812442097,0.157537365553402,0.0487445260103182,0.0168931309692587,-0.010539708060478,0.0294438950619282
0.234643858368009,0.0978937579847632,-0.0357351920573436,0.154837419483376,0.0457030937743464,0.0155269278321867,-0.0101645825406226,0.027359981668343
0.231015776860067,0.0957087411137243,-0.0357902630962772,0.151912596597905,0.0426789738892914,0.0141992487144097,-0.0097637652045588,0.0253122356845805
0.227038267103429,0.0934003702308563,-0.0357718199621628,0.148774921095962,0.0396948949009448,0.0129175799904091,-0.009342523941196,0.0233140774641634
0.222731786784272,0.0909760637216409,-0.0356839888089672,0.145437009998703,0.0367721566673517,0.0116888809062355,-0.0089058466805887,0.0213780390764583
0.218117586519493,0.0884435462416253,-0.0355310387612967,0.141911984168559,0.0339303113712909,0.0105194384130465,-0.00845840375026481,0.0195155442597559
0.213217546193866,0.0858108093334308,-0.0353173308364672,0.138213383153985,0.0311868968802362,0.00941474229728945,-0.00800451960010891,0.0177367216979818
0.20805402354689,0.0830860725071108,-0.0350472729380089,0.134355084444002,0.0285572273193373,0.00837938428552584,-0.00754815314524091,0.0160502561345168
0.202649714787472,0.0802777451461462,-0.0347252804751726,0.130351227345644,0.026054243883433,0.00741698370734056,-0.00709288599221344,0.0144632803641634
0.19702752662768,0.0773943893802784,-0.0343557421580747,0.126216141395017,0.0236884269546308,0.00653014115208286,-0.00664191781427086,0.012981309590252
0.191210458834222,0.0744446838927991,-0.0339429905201994,0.12196427897881,0.0214677686099627,0.00572042040526689,-0.00619806813189514,0.0116082180706349
0.185221496196526,0.0714373885035892,-0.0334912767284228,0.117610151677373,0.0193978027014315,0.00498835785188831,-0.00576378374117594,0.0103462564800167
0.17908350869988,0.0683813092889437,-0.0330047492548755,0.113168269740506,0.0174816879657071,0.00433349753758513,-0.00534115102018407,0.00919610705905569
0.172819158665809,0.0652852639626263,-0.0324874360041327,0.108653084069576,0.0157203381564295,0.00375444922815247,-0.00493191233728213,0.00815697246507883
0.166450813671944,0.0621580472460177,-0.0319432295126713,0.104078930098756,0.0141125920519649,0.00324896613642191,-0.00453748578891532,0.00722669333209881
0.160000464180224,0.059008395993723,-0.0313758748644566,0.0994599730371343,0.0126554154148672,0.00281403851320602,-0.00415898751038147,0.00640188891812067
0.153489644973322,0.0558449539085129,-0.0307889599960708,0.0948101540432555,0.0113441265801552,0.00244599903274269,-0.00379725583256227,0.00567811487549391
0.146939359711107,0.052676235768984,-0.0301859080960604,0.0901431370443581,0.0101726373175145,0.00214063583689772,-0.00345287660053111,0.00505003211719002
0.140370008156936,0.0495105911972238,-0.0295699718352623,0.0854722560732807,0.0091337009162406,0.00189330921919603,-0.00312620902516288,0.00451158094447521
0.133801315872542,0.0463561681041834,-0.0289442291968533,0.0808104631654564,0.00821916003316032,0.0016990682037014,-0.00281741150431686,0.00405615501322366
0.127252266425409,0.0432208760596768,-0.0283115807059119,0.0761702770256716,0.00742018766363087,0.00155276367306657,-0.00252646692320947,0.00367677030238844
0.120741036380114,0.0401123499347766,-0.0276747478876056,0.0715637328291122,0.00672751557895195,0.00144915518989826,-0.00225320702128155,0.0033662249599023
0.114284933543238,0.0370379142505917,-0.0270362728100618,0.0670023336547658,0.0061316456543723,0.00138300920075206,-0.0019973354921843,0.00311724668900819
0.107900339090464,0.034004548733953,-0.0263985185920202,0.0624970041543395,0.00562304062824,0.00134918687938565,-0.00175844956160793,0.00292262515497477
0.101602654317485,0.0310188556237629,-0.0257636707761295,0.0580580471313317,0.00519229192969287,0.00134272042590631,-0.00153605986204655,0.00277532769689066
0.0954062528194612,0.0280870292896001,-0.0251337394860321,0.0536951037398234,0.00483026324391496,0.00135887716666685,-0.0013296084921752,0.00266859738731091
0.0893244389158977,0.0252148287160992,-0.0245105622991361,0.0494171180101788,0.00452820941526089,0.00139321127732406,-0.0011384852097693,0.00259603316744007
0.0833694131008791,0.0224075533735712,-0.0238958077773019,0.0452323063705305,0.0042778710951684,0.00144160336525946,-0.000962041760015988,0.00255165237888515
0.0775522452168745,0.0196700229395842,-0.0232909796048267,0.041148132761874,0.00407154620975132,0.00150028848993653,-0.000799604385150044,0.00252993650414556
0.0718828559301625,0.0170065612611002,-0.0226974212874274,0.0371712898455534,0.00390213984651235,0.00156587346799,-0.000650484596543495,0.0025258613131806
0.0663700069352386,0.0144209848564055,-0.0221163213678511,0.0333076866807475,0.00376319454369995,0.00163534450528172,-0.000513988317017013,0.00253491289466998
0.0610213001431366,0.0119165961551099,-0.0215487191137512,0.0295624431128439,0.00364890321848933,0.00170606632541882,-0.000389423519842664,0.00255309123458005
0.0558431859236473,0.0094961815677421,-0.0209955106320766,0.0259398909681496,0.00355410710481043,0.00177577403024763,-0.000276106502502822,0.00257690310127921
0.0508409802829644,0.00716201436867885,-0.0204574553619183,0.0224435820029807,0.00347428110447708,0.00184255894104118,-0.000173366938716862,0.00260334601772107
0.0460188906747611,0.00491586227171663,-0.0199351828950219,0.0190763024120369,0.00340550890386632,0.00190484963865383,-8.05518525613495e-05,0.00262988506017975
0.0413800499714975,0.00275899948040751,-0.0194292000704149,0.0158400935676346,0.00334445009052445,0.00196138935610855,2.97134529471041e-06,0.0026544241328831
0.0369265579700506,0.000692222908547112,-0.0189398982871797,0.0127362785423992,0.00328830133677514,0.0020112107868176,7.78126261749695e-05,0.00267527324131224
0.0326595296762374,-0.00128412780763362,-0.0184675609775931,0.00976549386689794,0.00323475351631252,0.0020536092640947,0.000144557792961179,0.00269111313554575
0.0285791495097106,-0.00317014694329162,-0.0180123711818749,0.00692772589281338,0.0031819463986731,0.00208811515000869,0.000203767497509555,0.00270095852908001
0.0246847304957775,-0.00496633644635729,-0.0175744191657453,0.00422235107287783,0.00312842233711269,0.00211446615007668,0.000255976724317526,0.00270412092675962
0.0209747774643131,-0.00667357733625396,-0.0171537100229632,0.00164817943116827,0.00307308013733268,0.0021325801497933,0.000301694650637396,0.00270017192490965
0.0174470532572813,-0.00829309926282282,-0.0167501712069859,-0.000796499519151971,0.00301513007517579,0.00214252905343084,0.000341404804861629,0.00268890768301421
0.0140986469535892,-0.00982644874731334,-0.0163636599387966,-0.00311386915037844,0.00295405082636898,0.00214451399779392,0.000375565456133074,0.00267031511342778
0.0109260431504639,-0.0112754566136066,-0.0159939704416952,-0.00530653710595236,0.00288954888441668,0.00213884221562474,0.000404610178525477,0.00264454019642881
0.00792519139104154,-0.0126422050931911,-0.015640840958302,-0.00737748637998938,0.002821520876131,0.00212590573630205,0.000428948542639977,0.00261185870411301
0.00509157489486628,-0.0139289950537193,-0.0153039605100349,-0.00933002672459986,0.00275001903907324,0.00210616203587442,0.000448966895984929,0.002572649508927
0.00242027782780307,-0.0151383137602184,-0.0149829753647274,-0.0111677469603906,0.00267522000142517,0.00208011668430995,0.000465029201017139,0.00252737056107666
-9.3949563177792e-05,-0.0162728035321847,-0.0146774951836964,-0.0128944686999365,0.00259739690179718,0.00204830798472875,0.000477477906233488,0.00247653754305339
-0.00245662853029424,-0.0173352316107331,-0.0143870988252919,-0.0145142019240058,0.00251689480294747,0.00201129355661324,0.000486634831255307,0.00242070514813869
-0.00467349260324647,-0.0183284614994193,-0.0141113397876246,-0.0160311027783346,0.00243410928769231,0.00196963878167887,0.000492802051508763,0.00236045088172851
-0.00675043195182697,-0.0192554259918495,-0.0138497512786425,-0.0174494338869317,0.00234946807556488,0.00192390700622787,0.000496262771952017,0.00229636124825532
-0.00869344162540923,-0.0201191020500292,-0.0136018509069205,-0.0187735274080911,0.00226341546306731,0.00187465137634769,0.000497282182420778,0.00222902016089392
-0.0105085738729812,-0.0209224876506813,-0.0133671449913388,-0.0200077509930061,0.00217639936668266,0.00182240817119712,0.000496108289647619,0.00215899939463269
-0.0122018946649091,-0.0216685806733049,-0.0131451324922036,-0.0211564767453046,0.00208886073426751,0.00176769149383011,0.000492972722944919,0.00208685089424049
-0.0137794444626916,-0.0223603598641891,-0.0129353085702616,-0.02222405322382,0.00200122508524297,0.00171098917758403,0.000488091512010524,0.00201310074581784
-0.0152472032163479,-0.0230007678753347,-0.0127371677834489,-0.0232147804810526,0.00191389594150417,0.00165275976813407,0.000481665836396796,0.00193824462275645
-0.0166110595111656,-0.0235926963465111,-0.0125502069340931,-0.0241328880863658,0.0018272499177085,0.00159343044610641,0.00047388274694825,0.00186274452294322
-0.0178767837364213,-0.0241389729725365,-0.0123739275816552,-0.0249825160460905,0.00174163325029025,0.00153339576196333,0.000464915860022881,0.00178702662296489
-0.0190500051082117,-0.0246423504762458,-0.0122078382379782,-0.0257676985022564,0.00165735955807142,0.00147301706313307,0.000454926025622257,0.00171148008606117
-0.0201361923463353,-0.0251054973903292,-0.0120514562634241,-0.0264923500673785,0.00157470864275284,0.00141262250255518,0.000444061970712341,0.00163645667293393
-0.0211406377807174,-0.0255309905379986,-0.0119043094832686,-0.0271602546342049,0.00149392615409303,0.0013525075275338,0.00043246091905997,0.00156227101765882
-0.022068444645549,-0.0259213090929598,-0.0117659375443242,-0.0277750564861193,0.00141522396157761,0.00129293575769963,0.000420249188871982,0.00148920144438804
-0.0229245173083879,-0.0262788300930535,-0.0116358930320105,-0.0283402535254521,0.00133878109134137,0.00123414017070855,0.000407542769431361,0.00141749121389952
-0.0237135541762096,-0.0266058252787898,-0.0115137423680424,-0.0288591924327388,0.00126474510363647,0.00117632452384435,0.000394447877798824,0.00134735010204519
-0.0244400430200283,-0.0269044591274442,-0.0113990665085964,-0.029335065569401,0.00119323380194916,0.00111966494879063,0.000381061496505256,0.00127895622456138
-0.025108258463485,-0.0271767879550113,-0.0112914614622853,-0.0297709094388595,0.00112433717974374,0.00106431166538457,0.000367471893013241,0.0012124580343713
-0.0257222613880034,-0.0274247599617501,-0.0111905386465702,-0.0301696045261857,0.00105811952461743,0.00101039076808942,0.0003537591215831,0.00114797642833046
-0.026285900017065,-0.0276502161019512,-0.0110959251003917,-0.0305338763435496,0.000994621612299403,0.000958006046183756,0.000339995508047445,0.00108560691028155
-0.0268028124542397,-0.027854891664578,-0.0110072635698563,-0.0308662975174773,0.000933862934387394,0.000907240805246481,0.000326246117881769,0.00102542176626998
-0.0272764304632567,-0.0280404184582996,-0.0109242124827853,-0.0311692907638557,0.000875843913985316,0.000858159663420288,0.000312569207859858,0.000967472215828366
-0.0277099842931267,-0.0282083275018659,-0.0108464458268691,-0.0314451326073668,0.000820548072514367,0.000810810301180773,0.00029901666150256,0.000911790510390573
-0.028106508366686,-0.0283600521285622,-0.0107736529450679,-0.0316959577132525,0.00076794411896787,0.000765225147952513,0.000285634408466497,0.000858391956183618
-0.0284688476665638,-0.0284969314214164,-0.0107055382608061,-0.0319237637107489,0.000717987939830245,0.000721422992933839,0.000272462827975181,0.000807276844417573
-0.0287996646681615,-0.0286202139037586,-0.0106418209444211,-0.0321304163989357,0.000670624473857649,0.000679410510960467,0.000259537136366957,0.000758432276308743
-0.0291014466845214,-0.0287310614175158,-0.0105822345312661,-0.032317655236949,0.000625789461001003,0.000639183697199286,0.000246887758820553,0.000711833874489864
-0.0293765135027472,-0.0288305531291512,-0.0105265265008505,-0.0324870990313345,0.000583411059024548,0.000600729206964169,0.000234540685318328,0.000667447375747969
-0.0296270252057691,-0.0289196896103543,-0.0104744578254223,-0.0326402517436694,0.000543411324915172,0.000564025599029905,0.000222517810916732,0.000625230102847499
-0.0298549900865906,-0.028999396947383,-0.010425802495476,-0.0327785083513617,0.000505707561071836,0.000529044482535393,0.000210837260411994,0.000585132315507164
-0.0300622725746491,-0.0290705308393148,-0.0103803470288072,-0.0329031607036809,0.000470213528585305,0.000495751568953366,0.00019951369751408,0.000547098442460835
-0.030250601105498,-0.0291338806513547,-0.0103378899689219,-0.0330154033235513,0.000436840531739521,0.000464107631703681,0.000188558618671926,0.000511068198003367
-0.0304215758756674,-0.0291901733947531,-0.0102982413778686,-0.0331163391134321,0.000405498379254493,0.00043406937683696,0.000177980631726594,0.000476977587552239
-0.0305766764342636,-0.0292400776098141,-0.0102612223278723,-0.0332069849306987,0.000376096228807861,0.000405590228850158,0.000167785719604144,0.000444759807593405
-0.0307172690716483,-0.0292842071329201,-0.0102266643955217,-0.0332882770043596,0.000348543322075866,0.000378621036147268,0.000157977489296329,0.000414346045969169
-0.0308446139734202,-0.0293231247324864,-0.0101944091616953,-0.0333610761706923,0.000322749617973017,0.000353110700954916,0.000148557406412831,0.000385666188845002
-0.0309598721149437,-0.0293573456023012,-0.0101643077198953,-0.0334261729105011,0.000298626331991139,0.000329006738670139,0.000139525015623263,0.000358649440897654
-0.0310641118778705,-0.029387340703829,-0.0101362201951969,-0.0334842921752153,0.000276086389580543,0.000306255771678053,0.000130878147339735,0.000333224865328663
-0.0311583153755446,-0.029413539951787,-0.0101100152756123,-0.0335360979930017,0.000255044801415062,0.000284803962651545,0.000122613111020653,0.000309321850253799
-0.0312433844789071,-0.0294363352396675,-0.0100855697572977,-0.0335821978494944,0.000235418968169566,0.000264597392249682,0.000114724875503571,0.000286870507873176
-0.0313201465385925,-0.0294560833039094,-0.0100627681047138,-0.0336231468406943,0.0002171289221383,0.000245582385982407,0.000107207236798541,0.000265802012609583
-0.0313893598023848,-0.0294731084271433,-0.010041502026566,-0.0336594515981003,0.000200097512659286,0.000227705794818591,0.00010005297379383,0.000246048884132627
-0.0314517185301317,-0.0294877049823808,-0.0100216700681018,-0.0336915739882411,0.000184250541901652,0.000210915233894292,9.32539923425464e-05,0.000227545220876688
-0.0315078578106587,-0.0295001398212087,-0.0100031772201329,-0.0337199345905302,0.000169516857136121,0.000195159283436754,8.68014582120803e-05,0.000210226889326585
-0.0315583580872287,-0.0295106545100244,-0.00998593454496377,-0.0337449159587912,0.000155828405156586,0.000180387655765807,8.0685919387858e-05,0.000194031673994156
-0.0316037493997065,-0.0295194674191164,-0.00996985881925247,-0.0337668656729468,0.000143120254063947,0.000166551331973928,7.48974182293895e-05,0.000178899392652858
-0.0316445153528588,-0.029526775669996,-0.00995487219369801,-0.0337860991882574,0.000131330587170464,0.000153602671624481,6.94255939797279e-05,0.000164771981040777
-0.0316810968211906,-0.0295327569468285,-0.00994090186933726,-0.0338029024901643,0.000120400673341105,0.000141495498549228,6.42597761295813e-05,0.000151593550892545
-0.0317138954014234,-0.029537571178127,-0.00992787979014391,-0.0338175345632778,0.000110274817662376,0.000130185165573872,5.93890691347083e-05,0.000139310424820391
-0.0317432766242063,-0.029541362095072,-0.00991574235154719,-0.0338302296833631,0.000100900295923509,0.000119628600757069,5.48024289799796e-05,0.000127871151238385
-0.0317695729369335,-0.0295442586729226,-0.00990443012442903,-0.0338411995413563,9.22272760116791e-05,0.000109784337495804,5.04887320759845e-05,0.000117226502213783
-0.0317930864696692,-0.0295463764620041,-0.00989388759411228,-0.033850635208499,8.42087289647242e-05,0.000100612530629651,4.64368369645033e-05,0.000107329456836606
-0.0318140915961631,-0.0295478188147136,-0.00988406291381729,-0.0338587089516365,7.68003320917657e-05,9.20749604687368e-05,4.26356392976921e-05,9.81351724248375e-05
-0.0318328373018122,-0.0295486780148778,-0.00987490767203963,-0.0338655759076018,6.99603662655465e-05,8.41350264766845e-05,3.90741205429247e-05,8.96009456280503e-05
-0.0318495493702003,-0.0295490363156511,-0.00986637667328485,-0.0338713756254169,6.36496092091404e-05,7.67577321590246e-05,3.57413908509546e-05,8.16861652569445e-05
-0.0318644323995508,-0.0295489668919567,-0.00985842773158701,-0.0338762334847959,5.78312263440905e-05,6.99096625412093e-05,3.26267265095669e-05,7.4352258450025e-05
-0.0318776716600666,-0.0295485347132583,-0.00985102147623427,-0.033880261999151,5.24706605356529e-05,6.35589554668567e-05,2.97196023887805e-05,6.75626315912239e-05
-0.0318894348027325,-0.0295477973422192,-0.00984412116912696,-0.0338835620109805,4.75355218629708e-05,5.76752678062183e-05,2.70097197664805e-05,6.12826072123665e-05
-0.0318998734297156,-0.0295468056645558,-0.00983769253319937,-0.033886223787183,4.29954783561504e-05,5.22297375370219e-05,2.44870299061506e-05,5.54793579519083e-05
-0.031909124536041,-0.0295456045551313,-0.00983170359134663,-0.033888328021479,3.88221484767387e-05,4.71949425431897e-05,2.21417537403477e-05,5.01218384947322e-05
-0.0319173118317454,-0.0295442334850769,-0.00982612451531004,-0.0338899467507627,3.49889959724986e-05,4.25448568717943e-05,1.99643979958246e-05,4.51807162863832e-05
-0.031924546953232,-0.0295427270744574,-0.00982092748398936,-0.0338911441918334,3.14712276088466e-05,3.82548050936043e-05,1.79457680780388e-05,4.06283016978481e-05
-0.0319309305720643,-0.0295411155947377,-0.00981608655066685,-0.0338919775045911,2.8245694167664e-05,3.43014153274188e-05,1.60769780150789e-05,3.64384782125179e-05
-0.0319365534089634,-0.0295394254250444,-0.00981157751864597,-0.0338924974874162,2.52907950068146e-05,3.06625714117034e-05,1.43494577431805e-05,3.25866331145064e-05
-0.0319414971603007,-0.0295376794659655,-0.00980737782482606,-0.0338927492100986,2.25863863905357e-05,2.73173646394356e-05,1.2754957998809e-05,2.90495890764159e-05
-0.0319458353439209,-0.0295358975143799,-0.00980346643075422,-0.0338927725893345,2.01136937290763e-05,2.42460454109028e-05,1.12855530651299e-05,2.58055369726437e-05
-0.0319496340706884,-0.0295340966025775,-0.00979982372071505,-0.0338926029114755,1.78552278055563e-05,2.1429975105923e-05,9.93364160431151e-06,2.28339701822608e-05
-0.03195295274772,-0.0295322913046949,-0.00979643140643898,-0.0338922713068932,1.57947050170998e-05,1.88515784291382e-05,8.69194579092118e-06,2.01156205909478e-05
-0.0319558447188606,-0.0295304940132812,-0.00979327243803,-0.0338918051800151,1.39169716150481e-05,1.64942964404405e-05,7.55350894639586e-06,1.76323964545672e-05
-0.0319583578475643,-0.0295287151885953,-0.00979033092073284,-0.0338912285987949,1.22079318943744e-05,1.43425404457512e-05,6.51169185955473e-06,1.53673222464193e-05
-0.0319605350469756,-0.0295269635830442,-0.0097875920371796,-0.0338905626471022,1.06544802541408e-05,1.23816468910951e-05,5.5601679639708e-06,1.33044805753976e-05
-0.0319624147616486,-0.0295252464429835,-0.00978504197477418,-0.0338898257432545,9.24443702901567e-06,1.0597833375172e-05,4.69291752943322e-06,1.14289562330658e-05
-0.0319640314050151,-0.0295235696899304,-0.00978266785789172,-0.0338890339276672,7.96648797396493e-06,8.97815587089235e-06,3.90422101180857e-06,9.72678240231117e-06
-0.0319654157563942,-0.0295219380830715,-0.00978045768458767,-0.0338882011223637,6.81012727190428e-06,7.51046722538215e-06,3.18865169328733e-06,8.1848890395031e-06
-0.0319665953210476,-0.0295203553647997,-0.00977840026752876,-0.0338873393648705,5.76560392418629e-06,6.18337698978649e-06,2.5410677335462e-06,6.79105342443059e-06
-0.0319675946565049,-0.0295188243908682,-0.00977648517887427,-0.0338864590188193,4.82387137826917e-06,4.98621261427884e-06,1.95660374129047e-06,5.53385285809171e-06
-0.0319684356681288,-0.0295173472466167,-0.00977470269885199,-0.033885568963386,3.97654024272137e-06,3.90898203050244e-06,1.43066196546353e-06,4.4026194761862e-06
-0.0319691378766507,-0.0295159253506047,-0.00977304376778865,-0.0338846767635213,3.21583393893266e-06,2.94233763215024e-06,9.5890319577914e-07,3.38739713733743e-06
-0.0319697186601808,-0.0295145595468666,-0.00977149994136854,-0.0338837888227633,2.53454713880497e-06,2.07754165454377e-06,5.37237453130182e-07,2.47890033670123e-06
-0.0319701934729946,-0.0295132501869025,-0.00977006334890846,-0.0338829105202695,1.92600684015276e-06,1.30643294622007e-06,1.61814542177022e-07,1.66847509072698e-06
-0.0319705760432001,-0.0295119972024174,-0.00976872665444955,-0.0338820463335635,1.38403593398506e-06,6.21395118329676e-07,-1.7098546951054e-07,9.48061733549443e-07
-0.0319708785512165,-0.0295108001697319,-0.00976748302047948,-0.0338811999483652,9.02919122379442e-07,1.53260522953169e-08,-4.64561788557014e-07,3.10159563005064e-07
-0.0319711117908274,-0.0295096583667028,-0.00976632607410992,-0.0338803743567485,4.77371049967257e-07,-5.18391258690076e-07,-7.22102398683158e-07,-2.52206728335036e-07
-0.0319712853144216,-0.0295085708229195,-0.00976524987554543,-0.0338795719447625,1.02506517371537e-07,-9.8591656253616e-07,-9.46593485099539e-07,-7.45518902701969e-07
-0.0319714075638938,-0.0295075363638651,-0.00976424888869029,-0.03387879457055,-2.2618734950991e-07,-1.39297892653295e-06,-1.14082874179758e-06,-1.17579537366186e-06
-0.0319714859885484,-0.0295065536496731,-0.00976331795374979,-0.0338780436339027,-5.1287709473824e-07,-1.74490207486069e-06,-1.30741852837415e-06,-1.54861981578602e-06
-0.031971527151231,-0.0295056212090462,-0.00976245226169176,-0.0338773201381071,-7.61407206596731e-07,-2.04662852056059e-06,-1.44879884782234e-06,-1.86916825348216e-06
-0.0319715368238038,-0.0295047374688536,-0.00976164733044279,-0.0338766247448554,-9.75322779386834e-07,-2.30274252890905e-06,-1.5672401210455e-06,-2.1422346935876e-06
-0.0319715200729802,-0.029503900779871,-0.00976089898270201,-0.0338759578229267,-1.15789066540417e-06,-2.51749194979042e-06,-1.6648557378332e-06,-2.3722553657568e-06
-0.031971481337443,-0.0295031094390831,-0.00976020332526278,-0.033875319491272,-1.31211921414187e-06,-2.69480895762758e-06,-1.74361036769759e-06,-2.56333163274614e-06
-0.0319714244970859,-0.029502361708928,-0.00975955672974022,-0.0338747096570832,-1.44077668982195e-06,-2.83832973729456e-06,-1.80532801717648e-06,-2.7192516314084e-06
-0.0319713529351415,-0.029501655833825,-0.0097589558146089,-0.0338741280493659,-1.54640845320686e-06,-2.95141315485165e-06,-1.8516998231341e-06,-2.84351070320432e-06
-0.0319712695938897,-0.0295009900542923,-0.00975839742846189,-0.0338735742484874,-1.63135298826556e-06,-3.03715845172137e-06,-1.88429157427575e-06,-2.93933067143509e-06
-0.0319711770245732,-0.0295003626189317,-0.00975787863440781,-0.033873047712128,-1.69775684927265e-06,-3.09842200042765e-06,-1.90455095547444e-06,-3.00967802043667e-06
-0.0319710774320929,-0.0294997717945277,-0.00975739669552854,-0.0338725477980171,-1.74758859915886e-06,-3.1378331597047e-06,-1.91381451144189e-06,-3.05728102964475e-06
-0.031970972714997,-0.029499215874485,-0.00975694906132527,-0.0338720737838031,-1.78265180537235e-06,-3.15780926622017e-06,-1.91331432846178e-06,-3.08464591430163e-06
-0.0319708645012348,-0.0294986931858016,-0.00975653335508544,-0.0338716248843676,-1.80459715534015e-06,-3.16056979932783e-06,-1.90418443416981e-06,-3.09407202159218e-06
-0.0319707541800964,-0.0294982020947592,-0.00975614736210785,-0.0338712002668663,-1.81493374932368e-06,-3.14814975457822e-06,-1.88746691712899e-06,-3.08766613000416e-06
-0.0319706429307227,-0.0294977410114877,-0.00975578901872727,-0.0338707990637485,-1.81503962494445e-06,-3.12241226086557e-06,-1.86411776898973e-06,-3.06735589700874e-06
-0.0319705317475331,-0.0294973083935482,-0.00975545640208409,-0.0338704203839825,-1.80617156390894e-06,-3.08506047526358e-06,-1.83501245326449e-06,-3.03490249890098e-06
-0.0319704214628816,-0.0294969027486616,-0.00975514772058811,-0.0338700633226911,-1.78947422815184e-06,-3.03764878842663e-06,-1.8009512055446e-06,-2.99191250430902e-06
-0.0319703127672278,-0.0294965226366949,-0.00975486130502905,-0.0338697269693802,-1.76598866947347e-06,-2.981593372961e-06,-1.76266407092389e-06,-2.9398490214716e-06
-0.0319702062270742,-0.0294961666710078,-0.00975459560028978,-0.0338694104149239,-1.7366602539301e-06,-2.91818210555392e-06,-1.72081568491564e-06,-2.88004215735077e-06
-0.031970102300904,-0.0294958335192469,-0.00975434915762099,-0.0338691127574534,-1.70234603925901e-06,-2.84858389323905e-06,-1.67600980481575e-06,-2.81369882510624e-06
-0.0319700013533245,-0.029495521903669,-0.00975412062743911,-0.0338688331072812,-1.66382164139278e-06,-2.77385743287228e-06,-1.62879359886896e-06,-2.74191193497253e-06
-0.0319699036676046,-0.0294952306010627,-0.00975390875261183,-0.0338685705909775,-1.62178762344589e-06,-2.69495943188564e-06,-1.57966170088487e-06,-2.66566900157528e-06
-0.0319698094567755,-0.0294949584423295,-0.00975371236219786,-0.0338683243547034,-1.57687543855811e-06,-2.6127523175129e-06,-1.52906003832859e-06,-2.58586019965396e-06
-0.0319697188734451,-0.0294947043117816,-0.00975353036561008,-0.0338680935668951,-1.52965295580065e-06,-2.52801146061188e-06,-1.47738944204258e-06,-2.50328589847248e-06
-0.0319696320184644,-0.0294944671462016,-0.00975336174717333,-0.0338678774203822,-1.48062959649115e-06,-2.44143193928181e-06,-1.42500904585716e-06,-2.41866370381816e-06
-0.0319695489485677,-0.0294942459337094,-0.0097532055610498,-0.0338676751340127,-1.43026110649425e-06,-2.35363486640605e-06,-1.37223948449075e-06,-2.33263503512937e-06
-0.0319694696830978,-0.0294940397124706,-0.00975306092650717,-0.0338674859538531,-1.37895398825971e-06,-2.26517330434439e-06,-1.31936589802852e-06,-2.24577126394648e-06
-0.0319693942099152,-0.029493847569281,-0.00975292702350623,-0.033867309154019,-1.32706961515627e-06,-2.17653778915652e-06,-1.26664075144299e-06,-2.15857943887399e-06
-0.0319693224905805,-0.0294936686380544,-0.00975280308858613,-0.0338671440371913,-1.27492804880003e-06,-2.08816148557917e-06,-1.21428647727011e-06,-2.07150762059766e-06
-0.03196925446489,-0.0294935020982379,-0.00975268841102726,-0.03386698993486,-1.22281157904219e-06,-2.0004249934244e-06,-1.16249794972906e-06,-1.98494984973707e-06
-0.0319691900548362,-0.0294933471731771,-0.00975258232927283,-0.0338668462073397,-1.17096800488631e-06,-1.91366082468586e-06,-1.11144479820156e-06,-1.89925076900938e-06
-0.0319691291680577,-0.0294932031284482,-0.00975248422759157,-0.0338667122435895,-1.11961367350172e-06,-1.82815757043125e-06,-1.06127356803987e-06,-1.81470992024341e-06
-0.0319690717008359,-0.0294930692701739,-0.00975239353296545,-0.0338665874608713,-1.06893629334137e-06,-1.74416377503664e-06,-1.01210973625469e-06,-1.73158573546495e-06
-0.0319690175406904,-0.0294929449433352,-0.00975230971218697,-0.0338664713042715,-1.01909753649071e-06,-1.66189153508883e-06,-9.64059589700361e-07,-1.65009924080195e-06
-0.0319689665686184,-0.0294928295300914,-0.00975223226915189,-0.0338663632461131,-9.70235444201772e-07,-1.5815198389918e-06,-9.17211972869397e-07,-1.57043749048763e-06
-0.0319689186610203,-0.0294927224481178,-0.00975216074233443,-0.0338662627852763,-9.22466648942133e-07,-1.5031976630317e-06,-8.71639912494032e-07,-1.49275674771188e-06
-0.0319688736913483,-0.0294926231489686,-0.00975209470243234,-0.033866169446449,-8.75888425275195e-07,-1.42704683844461e-06,-8.27402125621116e-07,-1.41718542794045e-06
-0.0319688315315096,-0.0294925311164719,-0.00975203375017051,-0.0338660827793214,-8.30580581166751e-07,-1.35316470366992e-06,-7.84544417802707e-07,-1.34382681987733e-06
-0.0319687920530552,-0.0294924458651621,-0.00975197751425255,-0.033866002357739,-7.866072005841e-07,-1.28162655507053e-06,-7.43100977695921e-07,-1.27276159785084e-06
-0.0319687551281799,-0.0294923669387541,-0.00975192564945014,-0.0338659277788267,-7.44018247608724e-07,-1.21248790881795e-06,-7.03095574167839e-07,-1.20405013938341e-06
-0.0319687206305554,-0.0294922939086626,-0.00975187783482115,-0.0338658586620932,-7.02851041568808e-07,-1.14578658594322e-06,-6.6454266165264e-07,-1.13773466027534e-06
-0.0319686884360201,-0.0294922263725692,-0.00975183377204766,-0.0338657946485261,-6.63131612156642e-07,-1.08154463196453e-06,-6.27448399452557e-07,-1.0738411793873e-06
-0.0319686584231407,-0.0294921639530386,-0.00975179318388594,-0.0338657353996834,-6.24875942961678e-07,-1.01977008193713e-06,-5.91811590216346e-07,-1.01238132435566e-06
-0.0319686304736646,-0.0294921062961864,-0.00975175581272088,-0.0338656805967898,-5.88091111190792e-07,-9.60458581052842e-07,-5.57624542714408e-07,-9.53353988877859e-07
-0.0319686044728764,-0.0294920530703977,-0.0097517214192178,-0.0338656299398413,-5.52776331021188e-07,-9.03594870524382e-07,-5.24873863774755e-07,-8.96746851664076e-07
-0.031968580309871,-0.0294920039650984,-0.00975168978106515,-0.033865583146724,-5.18923907413815e-07,-8.49154147899989e-07,-4.93541183966412e-07,-8.42537766609919e-07
-0.0319685578777558,-0.0294919586895775,-0.00975166069180204,-0.0338655399523502,-4.86520106930677e-07,-7.97103310367503e-07,-4.63603821429515e-07,-7.90696033092786e-07
-0.031968537073791,-0.0294919169718614,-0.00975163395972484,-0.0338655001078146,-4.55545951495717e-07,-7.47402089239235e-07,-4.35035388008514e-07,-7.41183554704705e-07
-0.0319685177994779,-0.0294918785576389,-0.00975160940686767,-0.0338654633795739,-4.25977940844702e-07,-7.00004083302452e-07,-4.07806341640171e-07,-6.93955894637277e-07
-0.0319684999606014,-0.0294918432092359,-0.00975158686805167,-0.03386542954865,-3.97788708902946e-07,-6.54857698158262e-07,-3.81884488698248e-07,-6.48963234886613e-07
-0.0319684834672358,-0.0294918107046389,-0.00975156618999867,-0.0338653984098605,-3.70947619086903e-07,-6.11906998508605e-07,-3.57235439892717e-07,-6.06151246432263e-07
-0.0319684682337181,-0.0294917808365668,-0.00975154723050473,-0.0338653697710755,-3.45421303130089e-07,-5.71092479629415e-07,-3.33823022955274e-07,-5.65461876961271e-07
-0.0319684541785944,-0.029491753411588,-0.00975152985766969,-0.0338653434525025,-3.21174147686898e-07,-5.32351764094552e-07,-3.11609655362019e-07,-5.26834062271331e-07
-0.0319684412245456,-0.0294917282492828,-0.00975151394917895,-0.0338653192859997,-2.98168732953963e-07,-4.95620229433447e-07,-2.90556679972964e-07,-4.90204367167846e-07
-0.0319684292982937,-0.0294917051814498,-0.00975149939163398,-0.0338652971144176,-2.76366226840963e-07,-4.60831571964804e-07,-2.70624666433295e-07,-4.55507561294977e-07
-0.0319684183304953,-0.029491684051353,-0.00975148607992829,-0.0338652767909686,-2.55726738312978e-07,-4.27918311687869e-07,-2.5177368089685e-07,-4.22677134889748e-07
-0.0319684082556225,-0.0294916647130101,-0.00975147391666583,-0.0338652581786255,-2.36209633269757e-07,-3.96812243036448e-07,-2.33963526604514e-07,-3.91645759365011e-07
-0.0319683990118361,-0.0294916470305192,-0.00975146281161903,-0.0338652411495469,-2.17773815820721e-07,-3.67444835676356e-07,-2.17153957546637e-07,-3.62345696967858e-07
-0.031968390540852,-0.0294916308774225,-0.00975145268122371,-0.0338652255845304,-2.00377977981059e-07,-3.39747589474942e-07,-2.01304867443811e-07,-3.34709163815616e-07
-0.0319683827878032,-0.0294916161361058,-0.00975144344810858,-0.0338652113724922,-1.83980820328555e-07,-3.13652347417454e-07,-1.86376456006235e-07,-3.08668650070287e-07
-0.0319683757010999,-0.0294916026972314,-0.00975143504065676,-0.0338651984099732,-1.68541246112208e-07,-2.89091569991712e-07,-1.72329374409363e-07,-2.84157200942936e-07
-0.0319683692322867,-0.0294915904592046,-0.00975142739259746,-0.033865186600669,-1.54018531144107e-07,-2.65998574350973e-07,-1.59124851715348e-07,-2.61108661775422e-07
-0.0319683633359018,-0.0294915793276695,-0.00975142044262558,-0.0338651758549862,-1.40372471459094e-07,-2.44307741238681e-07,-1.46724803914283e-07,-2.39457890433004e-07
-0.0319683579693353,-0.0294915692150358,-0.00975141413404747,-0.0338651660896206,-1.27563510934903e-07,-2.23954692672723e-07,-1.35091927103148e-07,-2.19140939783369e-07
-0.0319683530926909,-0.0294915600400326,-0.00975140841445101,-0.0338651572271589,-1.15552850482592e-07,-2.04876442883722e-07,-1.24189776233574e-07,-2.00095213162554e-07
-0.0319683486686488,-0.029491551727289,-0.00975140323539853,-0.0338651491957027,-1.04302540625267e-07,-1.87011525050462e-07,-1.13982830752049e-07,-1.82259595034318e-07
-0.0319683446623326,-0.0294915442069403,-0.00975139855214083,-0.0338651419285122,-9.377555898471e-08,-1.70300096059839e-07,-1.04436548369405e-07,-1.65574559410353e-07
-0.0319683410411792,-0.0294915374142578,-0.00975139432335108,-0.0338651353636715,-8.39358741261398e-08,-1.54684021494433e-07,-9.55174081079813e-08,-1.49982258126902e-07
-0.0319683377748131,-0.029491531289301,-0.00975139051087706,-0.0338651294437718,-7.4748497148891e-08,-1.40106942620594e-07,-8.71929436430108e-08,-1.35426590788801e-07
-0.0319683348349245,-0.0294915257765925,-0.00975138707951076,-0.0338651241156139,-6.61795221262862e-08,-1.26514327410121e-07,-7.94317679998768e-08,-1.21853258469584e-07
-0.0319683321951519,-0.0294915208248113,-0.00975138399677389,-0.0338651193299277,-5.81961567130973e-08,-1.13853507031914e-07,-7.22035904069523e-08,-1.09209802673371e-07
-0.0319683298309692,-0.0294915163865071,-0.0097513812327184,-0.0338651150411083,-5.07667437948944e-08,-1.02073699548288e-07,-6.54792262199527e-08,-9.74456311822469e-08
-0.0319683277195775,-0.0294915124178316,-0.00975137875974101,-0.0338651112069686,-4.3860775282567e-08,-9.1126022044169e-08,-5.92306006585303e-08,-8.6512032232422e-08
-0.0319683258398015,-0.0294915088782871,-0.00975137655241064,-0.0338651077885058,-3.74488987667232e-08,-8.09634926254854e-08,-5.34307470160394e-08,-7.63621782612356e-08
-0.0319683241719906,-0.0294915057304917,-0.00975137458730805,-0.0338651047496836,-3.15029180866788e-08,-7.15410234733427e-08,-4.80538001092212e-08,-6.69511205989015e-08
-0.0319683226979244,-0.0294915029399591,-0.00975137284287676,-0.0338651020572265,-2.59957882928208e-08,-6.28154058629482e-08,-4.30749853980172e-08,-5.82357760278707e-08
-0.031968321400723,-0.0294915004748928,-0.00975137129928448,-0.0338650996804279,-2.09016058766442e-08,-5.47452884483435e-08,-3.84706044832817e-08,-5.01749062922774e-08
-0.0319683202647617,-0.0294914983059943,-0.00975136993829436,-0.0338650975909702,-1.61955947680648e-08,-4.72911494270312e-08,-3.42180173640294e-08,-4.27290915636092e-08
-0.0319683192755901,-0.0294914964062832,-0.00975136874314542,-0.0338650957627556,-1.18540887383833e-08,-4.04152636634958e-08,-3.0295621962495e-08,-3.58606985911836e-08
-0.0319683184198553,-0.0294914947509297,-0.00975136769844147,-0.033865094171749,-7.85451070850485e-09,-3.40816653163212e-08,-2.66828313194578e-08,-2.95338443215276e-08
-0.0319683176852293,-0.0294914933170982,-0.00975136679004791,-0.0338650927958297,-4.17534937874331e-09,-2.82561068432052e-08,-2.33600488397379e-08,-2.37143558332042e-08
-0.0319683170603408,-0.0294914920838012,-0.00975136600499607,-0.0338650916146538,-7.96133700631252e-10,-2.29060148938809e-08,-2.03086419174603e-08,-1.83697269895422e-08
-0.0319683165347101,-0.0294914910317636,-0.00975136533139427,-0.0338650906095253,2.3025945594668e-09,-1.80004436634018e-08,-1.75109142463992e-08,-1.34690725378528e-08
-0.0319683160986882,-0.0294914901432954,-0.00975136475834537,-0.0338650897632753,5.13930966533627e-09,-1.35100263198851e-08,-1.4950077141529e-08,-8.98308018248972e-09
-0.0319683157433994,-0.0294914894021736,-0.00975136427587028,-0.0338650890601501,7.73153197713983e-09,-9.40692476691929e-09,-1.26102200209699e-08,-4.88396093706323e-09
-0.0319683154606872,-0.0294914887935325,-0.00975136387483701,-0.0338650884857061,1.00958588641897e-08,-5.66477840330259e-09,-1.04762804091496e-08,-1.14539844275896e-09
-0.0319683152430636,-0.029491488303761,-0.00975136354689488,-0.0338650880267122,1.22479963324262e-08,-2.25865202235775e-09,-8.53401353577421e-09,2.25750268478819e-09
-0.0319683150836612,-0.0294914879204073,-0.00975136328441355,-0.0338650876710586,1.42027910196574e-08,8.35016680800216e-10,-6.76996177173539e-09,5.34826887638173e-09
-0.0319683149761889,-0.0294914876320903,-0.00975136308042652,-0.0338650874076719,1.59742623850878e-08,3.63846973383541e-09,-5.17142408236471e-09,8.14910988689022e-09
-0.0319683149148892,-0.0294914874284175,-0.00975136292857873,-0.0338650872264366,1.75756350168088e-08,6.17268143543459e-09,-3.72642557089353e-09,1.06809709410349e-08
-0.0319683148944999,-0.0294914872999078,-0.00975136282307817,-0.0338650871181209,1.90193707519382e-08,8.45741054272819e-09,-2.42368729079512e-09,1.29635846363163e-08
-0.0319683149102163,-0.029491487237921,-0.0097513627586509,-0.0338650870743089,2.03172006094099e-08,1.05112518619666e-08,-1.25259642588804e-09,1.50155222353177e-08
-0.0319683149576579,-0.0294914872345914,-0.00975136273049956,-0.0338650870873369,2.14801563064304e-08,1.2351687256329e-08,-2.0317689024274e-10,1.68542443890196e-08
-0.0319683150328369,-0.0294914872827691,-0.00975136273426619,-0.0338650871502366,2.25185921506887e-08,1.39951211799993e-08,7.33931269925048e-10,1.84961364904646e-08
-0.0317279946544733,-0.0291128580363699,-0.00953603342640073,-0.0334864579170875,0.000240343919890251,0.000378644796552908,0.000215330907113304,0.000378649296180644
-0.0312932361222092,-0.0284278879029951,-0.009146485765173,-0.032801487795638,0.000661080590747376,0.00104152317801952,0.000592314806528261,0.00104152767639848
-0.030693972233299,-0.0274837365397339,-0.00860953979506362,-0.0318573364464111,0.00121556379681684,0.00191512170208406,0.00108913683257765,0.00191512619658098
-0.0299540678905024,-0.0263180723475529,-0.00794664095860261,-0.0306916578544764,0.00185141781057518,0.00291685368784649,0.00165880653373327,0.00291687237180217
-0.0291001812158198,-0.0249733771554211,-0.00718211091507341,-0.0293468329757855,0.0025376503865461,0.00399743666641356,0.00227314404278313,0.00399757877097435
-0.0281746052503256,-0.023517910774595,-0.00635531649696087,-0.0278907808827009,0.00321388393158733,0.00506030629328701,0.00287674875873875,0.00506098239780055
-0.0271798349417402,-0.0219594807517284,-0.00547200171597569,-0.0263304969047264,0.00388657366218622,0.00611246993295629,0.00347254207083264,0.00611475329214175
-0.0261772435962005,-0.0204022156183211,-0.0045938853421272,-0.0247685521124913,0.00457787909425565,0.00718329556792646,0.00407536098232072,0.00718942112637071
-0.0251579920718866,-0.0188444617343495,-0.00372415441195987,-0.0232007216116777,0.00528556035398337,0.00826096254601472,0.00467569436827004,0.00827490245630524
-0.0240612951269307,-0.017208519704585,-0.00282469755683536,-0.0215455203624043,0.0059374428679208,0.00922039265359834,0.00519858679230736,0.00924850034826329
-0.0229103326779079,-0.0155549958814215,-0.00193808256958701,-0.0198585084194311,0.00652810754942226,0.010038375591725,0.00562590380492113,0.0100900785521704
-0.0217150148016794,-0.01392994655563,-0.00110074041556825,-0.0181793639471905,0.00710268202288611,0.0107686051635169,0.00598232768432445,0.0108569775522609
-0.0204779736599133,-0.0123743021920176,-0.000348319433898499,-0.0165413108394425,0.00773674715676076,0.0115115414278463,0.00631872894501606,0.0116535583084727
-0.0190620153074384,-0.0107135402496719,0.000404432117990613,-0.0147611047728773,0.00841058759259131,0.0122174536981955,0.00660054675704695,0.0124340014657823
-0.0174715877881817,-0.00899871036531119,0.00111366999482992,-0.0128805681302597,0.00914260450033694,0.0128967807542505,0.00682747818735345,0.0132126327956288
-0.0156886187176967,-0.00724681075444322,0.00175443434100248,-0.0109071722860392,0.00992433844745818,0.0135181619660737,0.00697562353831899,0.0139618697210726
-0.0136774040040646,-0.00544791232003025,0.00231679260172538,-0.00882128284668391,0.01078707967833,0.0141145222610845,0.0070582008093008,0.0147180675984073
-0.0114557319808739,-0.00367444672454154,0.00274461794277732,-0.00668602792617356,0.0117283836384746,0.0146683778078784,0.00706068201739374,0.0154665987448689
-0.00899171492857507,-0.00191634286052795,0.00303012852389252,-0.00448292061949507,0.0127123348633886,0.0151130599959333,0.00694176110084991,0.0161429070870227
-0.00618127219348901,-4.2308842553818e-05,0.0032369971408206,-0.00207382028409056,0.013867804095123,0.0156456071252201,0.00681147734131012,0.016945287981418
-0.00296073726971139,0.00202573928130987,0.00340215649193373,0.000624013183618906,0.0151714169862116,0.0162289136409005,0.00664863475357627,0.0178366942934874
0.000635325390542014,0.00422050267912823,0.00348301428544103,0.00354597148323535,0.0166398918141481,0.0168931511532929,0.00647168080722987,0.0188464948558355
0.00459164131957068,0.00651151696212563,0.00346009304479656,0.00666293093133971,0.0182388726397937,0.017590115318868,0.00625519369389517,0.0199252441612273
0.00894677885286558,0.00895991117544649,0.0033682797085282,0.0100359443270524,0.0200392790019049,0.0184392747060222,0.00606971699548953,0.02119079051147
0.0137141285735043,0.0115954664935155,0.00322743164696308,0.0136929734296795,0.0219170243539129,0.0192547721204627,0.00581279558371471,0.0224552562952592
0.0188869452977715,0.0144230755561044,0.0030455509051437,0.0176356592953839,0.0238661284416714,0.0200369290272602,0.00548788916582167,0.0237169216052771
0.024424067879918,0.0173977827796164,0.00280376177365087,0.0218148781927557,0.0259700358592973,0.0209284989900093,0.0051799781159905,0.0251161756485467
0.030332142770162,0.020552829022084,0.00252862625142487,0.0262591005494027,0.0281475538410386,0.0218166321260381,0.00482995242419861,0.0265370110266132
0.0365591305668627,0.0238320154978404,0.00219685735349186,0.030906724214295,0.030441435662756,0.0227842920179985,0.00449024232193808,0.0280591218864296
0.043021067567872,0.0271305388197841,0.00175809558448968,0.0356471877894762,0.0327942984542024,0.0237571093152357,0.00412394738659063,0.0296047786371688
0.0498207250700741,0.0306395907641017,0.00133091836678024,0.0406655498604615,0.0352202379714689,0.0247731770486717,0.00375807376550157,0.0312087462319592
0.0567513624718059,0.0340671740078176,0.000760607347315092,0.0456627470410228,0.0376894049474894,0.0258012433697906,0.00338015410114724,0.0328364675154902
0.0639325248324518,0.0376342351959768,0.000183780857054004,0.0508528956351733,0.040179464480385,0.026821601189065,0.00298418766178033,0.0344649917427976
0.0713170541262904,0.0413033759843736,-0.000408419747735195,0.0561908663093732,0.0426409147199126,0.0277712592498173,0.00253939553434302,0.0360281850157597
0.0788048885777462,0.0449534630035454,-0.00107260305678748,0.0615478751978047,0.0451137544258155,0.0287282979940178,0.00209524813420154,0.0376009721789171
0.0863969490694095,0.0486197954258331,-0.00177731042524474,0.0669521298487947,0.0476111120905254,0.0297298946543428,0.00167843531602892,0.0392170749738351
0.0940850970148282,0.0523241199860954,-0.00249854812267351,0.0724181343312369,0.05009640399471,0.030734913258988,0.00127111275696241,0.0408318999889434
0.101844258991803,0.0560613188566047,-0.00322766218259315,0.0779335665794692,0.0524541502094828,0.0315756319123781,0.00078267779577651,0.0422747463077894
0.109648464851804,0.059822775707428,-0.00395868971587378,0.083483043003285,0.0547715152736767,0.0324016213877724,0.000302309447176295,0.0436926199764958
0.11744339857842,0.0635524554573819,-0.00471356323490099,0.0890043393705045,0.057043972493634,0.0332204501066257,-0.000160744114772345,0.0450900095259051
0.125192413698986,0.06721922621364,-0.00550103988045082,0.094460749660299,0.0592423519094976,0.0340013681488267,-0.000618855936753772,0.0464329788015801
0.132925780520502,0.0708959213148254,-0.00627124314926893,0.0999198396804673,0.0613932629481596,0.0347995336582997,-0.00103620618897942,0.0477739131613259
0.140601180524131,0.0745405021301668,-0.00703979557823119,0.105334409478789,0.0634583975592011,0.035566367833884,-0.0014364614568934,0.0490617665415209
0.148211652630934,0.0781634705330903,-0.0077935042346519,0.11071046287882,0.0654498026176073,0.0363300215633301,-0.00180052782431736,0.0503227684348229
0.155644392259243,0.0816060697138609,-0.00861627575616639,0.115885268862572,0.0673957557674373,0.0371421095998218,-0.00209667625765977,0.051607053852637
0.163003033401914,0.085047783303046,-0.00940058599137738,0.12103491563349,0.0692372128973476,0.037914449770926,-0.00237342786731967,0.0528254259745027
0.170271068453546,0.0884810729037001,-0.0101445104397024,0.126147995184634,0.070952252060163,0.0386135187614435,-0.0026495062132496,0.0539441488062125
0.177458985595457,0.0919376396921479,-0.0108249161795785,0.131253028960322,0.0725117102008538,0.0391923954208926,-0.00295192335116868,0.0549165053080189
0.184450200838462,0.0952449058125776,-0.0115362156209565,0.136175113026335,0.0739710058567497,0.0397375094898394,-0.00323182307059201,0.0558291102584764
0.1913191683754,0.0985263414799321,-0.0122061165129176,0.141036425691985,0.0753621708916713,0.0403001296149664,-0.00345977883131671,0.056733064306037
0.198022840472225,0.101721224921514,-0.0128667636914806,0.145774757497842,0.0766497751820891,0.0408251403684562,-0.00366689795730557,0.0575731042364134
0.204317903560142,0.104450773943651,-0.013732038875426,0.150010370285771,0.0775940827109717,0.0409330761201604,-0.00406957634086852,0.0579701325568747
0.210243628075582,0.106780459897211,-0.0147634972598154,0.153807981152165,0.0782582362606946,0.0407202067283399,-0.00461414509651229,0.0580210922369589
0.215823789189345,0.108763288273257,-0.0159257654221462,0.157217338249075,0.0786872265369087,0.0402632571798333,-0.00525500562426507,0.0578014844411388
0.221068661169436,0.110441038899255,-0.0171864756736251,0.160274859463576,0.0789078226099288,0.0396205569138055,-0.00595355258697624,0.057366254094927
0.225978485985509,0.111846306381906,-0.0185162573285407,0.163006390314833,0.0789336908059327,0.0388358223110896,-0.00667746302789527,0.056754469591928
0.23054635544867,0.113004244035059,-0.0198886855751044,0.165429533873589,0.0787695380407706,0.0379413182276846,-0.00740003054687487,0.0559931896210495
0.234760579980164,0.113934044806082,-0.0212801963476248,0.16755560332345,0.0784144203584841,0.0369604809854588,-0.00809954453541554,0.0551006287245528
0.23860661289032,0.114650191308434,-0.0226699746400835,0.169391245281792,0.0778643424928415,0.0359100769536015,-0.00875871404561424,0.0540887217199784
0.242068593183649,0.115163504689808,-0.0240398227457462,0.170939778181917,0.0771142606977762,0.0348019632893099,-0.0093641355229788,0.052965176658777
0.245130563334064,0.115482019224541,-0.0253740139960037,0.172202285603235,0.076159587941065,0.0336445100580068,-0.00990580331471297,0.0517350958446239
0.247777411847851,0.115611706569908,-0.026659136729528,0.173178499917757,0.0749972877180888,0.0324437357701514,-0.0103766615638351,0.050402234518607
0.249995584150074,0.115557070787432,-0.0278839324630805,0.17386750730377,0.0736266304618526,0.0312042014858204,-0.010772195824195,0.0489699573215465
0.251773599599654,0.115321632619462,-0.0290391315618205,0.174268301222161,0.0720496751129882,0.0299297022177341,-0.0110900624950122,0.0474419438012359
0.25310240733685,0.114908319175699,-0.030117289117561,0.17438020792062,0.0702715281222863,0.0286237885448778,-0.0113297539864538,0.0458226862359069
0.253975609191421,0.114319773128702,-0.031112623232395,0.174203204428746,0.0683004231449107,0.0272901462172822,-0.0114922973960169,0.0441178160135326
0.254389573984422,0.113558593723083,-0.0320208574650167,0.173738146802796,0.0661476570130169,0.0259328571230294,-0.0115799844007821,0.0423342887883365
0.254343464175938,0.112627520340479,-0.0328390688199377,0.172986924027765,0.0638274112293196,0.02455656129569,-0.0115961300511133,0.0404804536225638
0.253839192875414,0.111529567999353,-0.033565542337869,0.171952550937892,0.0613564831380684,0.0231665366280187,-0.0115448581826836,0.0385660272614532
0.252881326674085,0.110268122974202,-0.0341996330716062,0.170639211728476,0.0587539469892662,0.0217687105668761,-0.0114309112394594,0.036601991498649
0.251476947521522,0.108847005665526,-0.0347416359993487,0.169052264060669,0.0560407621729167,0.0203696162192737,-0.0112594824127847,0.0346004291606266
0.249635484899777,0.107270506916589,-0.0351926642308155,0.167198212371824,0.0532393437961553,0.0189763039122457,-0.0110360681423399,0.0325743124476669
0.247368527807149,0.105543403136501,-0.0355545356958168,0.165084657767844,0.0503731093262969,0.017596218224152,-0.0107663391842623,0.0305372560800084
0.244689624514786,0.103670954836052,-0.0358296683658444,0.162720230767449,0.0474660140397116,0.0162370497426806,-0.0104560286207211,0.0285032467706748
0.241614076675862,0.101658892501069,-0.0360209839430773,0.16011451217275,0.0445420873154132,0.0149065702072817,-0.0101108353545708,0.0264863598427247
0.238158733127323,0.0995133931087477,-0.0361318198548372,0.157277946441721,0.0416249812211964,0.0136124591695533,-0.00973634179394622,0.0245004731991898
0.23434178761195,0.0972410500286413,-0.0361658493123455,0.154221751125384,0.0387375422092441,0.0123621297744662,-0.00933794457759929,0.0225589882262502
0.230182583651672,0.0948488385374103,-0.0361270091283859,0.150957825198278,0.0359014159484972,0.0111625606648283,-0.00892079731682299,0.0206745664748688
0.225701428913493,0.0923440787120996,-0.0360194349373416,0.147498658450101,0.0331366942914881,0.0100201402974922,-0.00848976443035581,0.0188588900619226
0.220919420621796,0.0897343970493006,-0.0358474034215102,0.143857243516474,0.0304616120638575,0.00894052911075469,-0.00804938522321223,0.0171224526284526
0.215858282882332,0.0870276877868029,-0.0356152811183506,0.140046991606463,0.0278922997768895,0.00792854399834974,-0.00760384740959485,0.0154743863906355
0.21054021619269,0.0842320745806603,-0.0353274793633525,0.136081652533675,0.0254425965365703,0.00698806844663858,-0.00715696930649736,0.0139223293474711
0.204987758921166,0.0813558729148071,-0.0349884149116651,0.13197523927708,0.023123925427602,0.0061219905148115,-0.00671218993249095,0.0124723351203917
0.199223660140755,0.0784075533932436,-0.0346024757777426,0.127741956987707,0.0209452315801957,0.00533216963156855,-0.00627256624080417,0.0111288262629066
0.193270762906706,0.0753957058867569,-0.0341739918353791,0.12339613611815,0.0189129810854784,0.00461943200031211,-0.00584077670303763,0.00989459027044913
0.187151896863114,0.0723290043768335,-0.0337072097299684,0.118952169182621,0.0170312170166884,0.00398359330315417,-0.00541913044559832,0.00877081601965477
0.180889778952698,0.0692161722574983,-0.0332062716699882,0.114424450553764,0.0153016671333094,0.00342350642184953,-0.00500958113059888,0.0077571670432385
0.174506920978721,0.0660659478187698,-0.032675197684878,0.109827318664861,0.0137238964717352,0.00293713109169757,-0.00461374477104394,0.00685188695921274
0.16802554282083,0.0628870496393771,-0.0321178709609004,0.105175000006614,0.0122954970135788,0.00252162180085529,-0.00423292067991644,0.00605193156184196
0.161467490227312,0.059688141656236,-0.0315380258944537,0.100481554379031,0.0110123059999306,0.00217342985694036,-0.00386811477623503,0.00535312156741006
0.154854156282243,0.0564777977476025,-0.030939238532753,0.095760820971931,0.00986864422903458,0.00188841536597778,-0.00352006450887181,0.00475030979190156
0.148206405863444,0.0532644657585937,-0.0303249191039191,0.0910263649918817,0.00885756581424012,0.00166196489364241,-0.00318926471024418,0.00423755660339167
0.1415445026506,0.0500564310040261,-0.0296983063713797,0.0862914247177431,0.00797111134691655,0.00148911078278411,-0.0028759937552282,0.00380830780765162
0.134888038497098,0.0468617793961911,-0.0290624635801737,0.0815688590399709,0.00720055714865386,0.00136464845397266,-0.0025803394733066,0.00345556964846809
0.128255865228705,0.043688360456353,-0.0284202757944085,0.076871095709077,0.00653665424279078,0.00128324848205767,-0.00230222434110006,0.00317207628491843
0.121666029163319,0.0405437505710929,-0.027774448454951,0.0722100806758393,0.00596985175789475,0.00123956078447745,-0.00204142956486995,0.00295044589422181
0.115135708846493,0.0374352169417629,-0.027127507013783,0.0675972290408988,0.00549050062763308,0.00122830884010445,-0.00179761774521878,0.00278332238988602
0.10868115665747,0.0343696827421377,-0.0264817975257914,0.0630433782370408,0.00508903461059619,0.00124437244766566,-0.00157035389621026,0.00266350059406965
0.102317645053275,0.0313536940422207,-0.0258394880997228,0.0585587441385742,0.00475612676686833,0.00128285810175027,-0.00135912466606855,0.00258403352031484
0.0960594182799795,0.0283933890730178,-0.0252025711274149,0.0541528808258775,0.00448282055290316,0.00133915658927906,-0.00116335567459692,0.00253832117596568
0.0899196503898437,0.0254944703974805,-0.0245728662241863,0.0498346447287436,0.00426063560135406,0.00140898787327469,-0.000982426942140784,0.00252018095910856
0.0839104103626011,0.0226621805177941,-0.0239520238235437,0.0456121638311204,0.00408164901798249,0.00148843372302763,-0.000815686435522789,0.00252390028761873
0.0780426350432724,0.0199012813911236,-0.0233415293764076,0.0414928125455967,0.00393855364404103,0.00157395886499562,-0.000662461797621557,0.00254427255051923
0.0723261104841812,0.0172160382483055,-0.0227427081092247,0.0374831927634593,0.00382469519900134,0.00166242166647437,-0.000522070359313211,0.00257661781373517
0.0667694621234409,0.0146102080170547,-0.0221567302970921,0.0335891214613938,0.00373409054186519,0.00175107552758117,-0.000393827555863969,0.00261678994831483
0.0613801540551576,0.0120870325477985,-0.021584617007839,0.0298156251056881,0.00366142948175056,0.00183756225267502,-0.000277053885333693,0.00266117198827262
0.056164497457346,0.00964923673119082,-0.0210272462714443,0.0261669409461207,0.00360206264591286,0.00191989870826521,-0.000171080555082904,0.0027066615791813
0.0511276680513194,0.00729903148653556,-0.0204853596266974,0.022646525141442,0.00355197789391005,0.00199645806014888,-7.52539651211765e-05,0.00275064836090672
0.0462737322796171,0.00503812149421979,-0.0199595689941308,0.0192570675128401,0.0035077676690719,0.00206594682779445,1.10608251275637e-05,0.00279098505242113
0.0416056817158836,0.00286771744676799,-0.0194503638213807,0.0160005125866076,0.00346658952125699,0.0021273789085081,8.84775059891933e-05,0.0028259538871768
0.037125475065704,0.000788552505487206,-0.0189581184446263,0.0128780864669754,0.00342612183535029,0.00218004761671497,0.000157586670682575,0.00285422989691498
0.0328340869869321,-0.00119909742466055,-0.0184830996079077,0.00989032897825559,0.00338451657356788,0.00222349666286488,0.000218954591099472,0.00287484237154845
0.0287315628547121,-0.00309539004871665,-0.0180254740811121,0.00703713043437369,0.00334035059977476,0.00225749086902357,0.000273122506631366,0.002887135642834
0.0248170785218588,-0.00490089015428161,-0.0175853163173996,0.00431777233479583,0.00329257691178797,0.0022819872899368,0.000320606328714916,0.0028907301581932
0.0210890040798209,-0.00661654072104951,-0.0171626160918368,0.0017309712489483,0.00324047687186871,0.00229710728386024,0.000361896676025054,0.00288548463480382
0.0175449706081701,-0.00824363219775635,-0.0167572860650352,-0.000725074864243627,0.00318361430298625,0.00230310996021076,0.00039745916710272,0.00287145991792457
0.0141819389094774,-0.00978377047504623,-0.0163691692185661,-0.00305263865059872,0.00312179211369609,0.00230036732356257,0.000427734908371592,0.00284888501483035
0.0109962692588247,-0.0112388440680279,-0.0159980461127547,-0.00525441439527194,0.00305501193064266,0.0022893413372411,0.000453141125778331,0.00281812563895302
0.0079837912497408,-0.0126109909965483,-0.0156436419219926,-0.00733346878656647,0.00298343705636176,0.00227056304555504,0.000474071897564012,0.00277965547899911
0.00513987288741723,-0.0139025658164042,-0.0153056332078076,-0.00929319204752622,0.00290735893164265,0.00224461382174188,0.000490898953886381,0.00273403030523835
0.0024594881618719,-0.0151161072128812,-0.0149836543954191,-0.0111372500137951,0.00282716716572691,0.00221210874869238,0.000503972516158659,0.00268186493943557
-6.27175754416877e-05,-0.016254306521147,-0.0146773039252236,-0.0128695376692038,0.0027433231029063,0.00217368209082278,0.000513622155085729,0.00262381304513949
-0.00243236501177947,-0.0173199774880435,-0.0143861500564507,-0.0144941345792463,0.00265633681900145,0.00212997477719118,0.000520157651523837,0.00256054964000514
-0.00465528153168067,-0.0183160275384578,-0.0141097363059453,-0.016015262589483,0.00256674738382781,0.0020816237870641,0.00052386984854581,0.00249275619004997
-0.00673744551776563,-0.0192454307582533,-0.013847586510563,-0.0174372460831246,0.00247510618400142,0.00202925330851363,0.000525031486550602,0.00242110811565667
-0.00868493458276594,-0.0201112027560165,-0.013599209506886,-0.0187644750214581,0.00238196307218447,0.00197346752712571,0.000523898016008967,0.0023462645191387
-0.0105038779320977,-0.0209163775187088,-0.0133641034268082,-0.0200013709238818,0.00228785509204453,0.00191484489441775,0.00052070838458116,0.00226885993221568
-0.0122004129732327,-0.0216639863325354,-0.0131417596119288,-0.0211523558822942,0.00219329752083647,0.00185393372304949,0.000515685796968996,0.00218949787732658
-0.0137806462128284,-0.0223570388005736,-0.0129316661535966,-0.0222218246482928,0.00209877697180126,0.00179124895739704,0.000509038447059039,0.00210874603797851
-0.0152506184157792,-0.0229985059533302,-0.0127333110688299,-0.0232141197816253,0.0020047463048744,0.00172726997267645,0.00050096022275363,0.00202713283905635
-0.0166162739424124,-0.0235913054176497,-0.0125461851252073,-0.0241335098049061,0.00191162110506628,0.00166243926278017,0.000491631384441749,0.00194514524712192
-0.0178834341310585,-0.0241382885833001,-0.0123697843301715,-0.0249841702728103,0.00181977750206274,0.00159716188566157,0.000481219218392986,0.00186322761226924
-0.0190577745529761,-0.0246422296850544,-0.0122036121020475,-0.0257701676336693,0.00172955112103319,0.00153180554490395,0.000469878666517621,0.00178178138627615
-0.0201448059347264,-0.0251058167009528,-0.0120471811414652,-0.0264954457373243,0.00164123697243538,0.00146670119656883,0.000457752933968306,0.00170116556593634
-0.0211498585190291,-0.0255316439543998,-0.0119000150228373,-0.027163814824848,0.00155509010704421,0.00140214408114943,0.000444974076000706,0.00162169772502467
-0.0220780696182232,-0.0259222062984834,-0.0117616495261102,-0.0277789428228415,0.00147132688092491,0.00133839509115113,0.000431663565391763,0.00154365551290806
-0.0229343741039836,-0.0262798947550128,-0.0116316337292296,-0.0283443487568971,0.00139012669316586,0.00127568239524346,0.000417932841558794,0.00146727851202631
-0.0237234975721359,-0.0266069934778719,-0.0115095308816797,-0.0288633980949395,0.00131163407654255,0.00121420324989772,0.000403883842349111,0.00139277036007723
-0.0244499519214981,-0.0269056779099532,-0.0113949190791175,-0.0293392998309243,0.00123596103765535,0.00115412593881388,0.000389609519292462,0.00132030105556616
-0.0251180330898849,-0.0271780140047962,-0.0112873917585646,-0.0297751051222304,0.00116318955830356,0.00109559178916167,0.000375194336937546,0.00125000937729899
-0.0257318206980334,-0.0274259583876995,-0.0111865580328931,-0.0301737072994809,0.00109337418382668,0.0010387172216656,0.000360714756736553,0.00118200535933521
-0.0262951793625392,-0.0276513593361756,-0.0110920428824705,-0.0305378430749671,0.00102654463681261,0.000983595798827265,0.000346239705802536,0.00111637277284185
-0.0268117614513322,-0.0278559584658175,-0.0110034872208585,-0.0308700947848617,0.00096270840593702,0.000930300242101348,0.000331831030746613,0.00105317157519694
-0.0272850110691868,-0.0280413930146787,-0.010920547850418,-0.0311728935105697,0.000901853269784619,0.00087888439464141,0.000317543936705715,0.000992440294604463
-0.0277181690757655,-0.0282091986268443,-0.0108428973225831,-0.0314485229355146,0.000843949724363115,0.000829385111336817,0.000303427411597742,0.000934198325443947
-0.0281142789543055,-0.0283608125437866,-0.0107702237164571,-0.0316991238050605,0.000788953290722108,0.000781824062312555,0.000289524635587719,0.000878448115637233
-0.0284761933648945,-0.0284975771201424,-0.0107022303482731,-0.0319266988688629,0.000736806685712729,0.000736209439904351,0.000275873375714702,0.000825177232537819
-0.0288065812320499,-0.0286207435885687,-0.0106386354231629,-0.0321331181964802,0.000687441844555776,0.000692537562400307,0.000262506365612647,0.000774360298298832
-0.0291079352317494,-0.0287314760061905,-0.0105791716396139,-0.0323201247683872,0.000640781788616679,0.000650794370608658,0.000249451670256945,0.000725960789425641
-0.0293825795579675,-0.0288308553227461,-0.0105235857559616,-0.0324893402554507,0.000596742335705926,0.000610956815618582,0.000236733035679608,0.000679932698337188
-0.0296326778629907,-0.0289198835177763,-0.0104716381272879,-0.0326422709103461,0.000555233653421361,0.000572994138017584,0.00022437022361785,0.000636222057314624
-0.0298602412792031,-0.0289994877610358,-0.0104231022201682,-0.0327803135042239,0.000516161658609252,0.000536869040360946,0.000212379331090706,0.000594768327272475
-0.0300671364425767,-0.0290705245566902,-0.0103777641118388,-0.0329047612511205,0.00047942926802555,0.000502538755902501,0.000200773094934634,0.000555505655408163
-0.0302550934497096,-0.0291337838377625,-0.0103354219795526,-0.0330168096711079,0.000444937506800289,0.000469956017531418,0.000189561181369449,0.000518364007027962
-0.0304257136909197,-0.029189992982715,-0.0102958855851382,-0.0331175623509793,0.000412586482417279,0.000439069931556908,0.00017875046070903,0.0004832701777642
-0.0305804775116132,-0.0292398207309759,-0.0102589757590948,-0.0332080365683657,0.000382276232680098,0.000409826761475628,0.000168345267375577,0.000450148693039089
-0.0307207516629196,-0.029283880978666,-0.0102245238879276,-0.0332891687515932,0.000353907456599994,0.000382170627177832,0.000158347645420259,0.000418922602037554
-0.0308477965104549,-0.0293227364397609,-0.0101923714078595,-0.0333618197533269,0.000327382137363608,0.000356044125225441,0.000148757579796146,0.000389514173665034
-0.0309627729770717,-0.0293569021614525,-0.0101623693075443,-0.0334267799211551,0.000302604066561504,0.000331388875894352,0.000139573213670138,0.000361845502020411
-0.0310667492016379,-0.0293868488855887,-0.0101343776419434,-0.0334847739527623,0.000279479278723072,0.000308146002636022,0.000130791052098985,0.000335839028840282
-0.0311607069012932,-0.0294130062507786,-0.0101082650591223,-0.033536465527272,0.000257916404942646,0.000286256549499344,0.000122406152429231,0.000311417990194393
-0.0312455474293314,-0.0294357658321048,-0.0100839083413559,-0.0335824617077491,0.00023782695402589,0.000265661841880309,0.000114412301812474,0.000288506794457494
-0.0313220975248974,-0.029455484017393,-0.0100611919616137,-0.0336233171127736,0.000219125529159168,0.000246303795747489,0.000106802182254631,0.000267031338268824
-0.0313911147541276,-0.0294724847206943,-0.0100400076562139,-0.0336595378574812,0.000201729987629747,0.000228125180239402,9.95675236414723e-05,0.000246919266834164
-0.0314532926452614,-0.0294870619350614,-0.0100202540141915,-0.0336915852665516,0.000185561550618531,0.000211069838254967,9.26992452020374e-05,0.000228100184541447
-0.031509265522659,-0.0294994821278791,-0.0100018360837156,-0.0337198793633488,0.000170544869564915,0.000195082869369381,8.61875858870313e-05,0.000210505821459983
-0.0315596130466313,-0.029509986482959,-0.00998466499570656,-0.0337448021408221,0.000156608055076793,0.000180110779112751,8.00222241508323e-05,0.000194070160886274
-0.0316048644675703,-0.0295187929943683,-0.00996865760465278,-0.033766700620899,0.000143682673838089,0.000166101598351794,7.41923876335076e-05,0.000178729532693093
-0.0316455026041106,-0.029526098417542,-0.00995373614649563,-0.0337858897099664,0.000131703718458213,0.000153004976223239,6.86869532436039e-05,0.000164422676839783
-0.0316819675559894,-0.0295320800836614,-0.00993982791334143,-0.0338026548586933,0.000120609554719389,0.000140772249781707,6.3494538143468e-05,0.000151090781014995
-0.0317146601629565,-0.0295368975835791,-0.00992686494467184,-0.0338172545349044,0.00011034185021206,0.000129356493250882,5.86035821367875e-05,0.000138677496012381
-0.0317439452215398,-0.0295406943277592,-0.00991478373465041,-0.0338299225185162,0.000100845487909951,0.000118712549503946,5.40024219534037e-05,0.000127128932087522
-0.0317701544717371,-0.0295435989887906,-0.00990352495506586,-0.0338408700277038,9.20684678253694e-05,0.000108797046151056,4.9679357919042e-05,0.000116393639212294
-0.0317935893658049,-0.0295457268330452,-0.00989303319340798,-0.0338502876855091,8.39617995044492e-05,9.95683983781165e-05,4.56227134883018e-05,0.000106422573832629
-0.0318145236312816,-0.0295471809479896,-0.00988325670553861,-0.0338583473360453,7.64793877703965e-05,9.0986800462569e-05,4.18208881077572e-05,9.71690544468648e-05
-0.0318332056402363,-0.0295480533715538,-0.00987414718239655,-0.0338652037193137,6.95779138016259e-05,8.30142076895489e-05,3.82624038631502e-05,8.85887080557674e-05
-0.0318498605964922,-0.0295484261297969,-0.00986565953015993,-0.0338709960134467,6.32167133383932e-05,7.56143102041765e-05,3.49359463500277e-05,8.06394092902965e-05
-0.031864692552263,-0.0295483721889215,-0.00985775166328152,-0.0338758492529354,5.73576535474324e-05,6.87525001637802e-05,3.18304001918172e-05,7.32812138001249e-05
-0.0318778862652689,-0.0295479563274682,-0.00985038430980999,-0.0338798756311041,5.19650098357582e-05,6.23958333961921e-05,2.89348796126635e-05,6.64762872824437e-05
-0.0318896089069841,-0.0295472359342797,-0.00984352082841344,-0.0338831756947661,4.70053436922857e-05,5.65129866267611e-05,2.62387544552652e-05,6.01888313471535e-05
-0.0319000116322186,-0.0295462617375732,-0.00983712703652818,-0.033885839438651,4.24473824467558e-05,5.10742112063943e-05,2.37316720160911e-05,5.43850072490873e-05
-0.0319092310197714,-0.0295450784701943,-0.00983117104906647,-0.0338879473068238,3.82619016684946e-05,4.60512841552706e-05,2.14035750524689e-05,4.90328583696784e-05
-0.0319173903934068,-0.0295437254758576,-0.0098256231271302,-0.033889571107953,3.44216107808978e-05,4.14174572308142e-05,1.92447162976686e-05,4.41022321982648e-05
-0.0319246010319174,-0.0295422372609136,-0.0098204555361928,-0.0338907748509043,3.09010423392361e-05,3.71474046333316e-05,1.72456698018832e-05,3.95647024457602e-05
-0.0319309632765508,-0.0295406439959093,-0.00981564241322894,-0.0338916155067695,2.76764453087247e-05,3.32171698777285e-05,1.53973393989572e-05,3.5393491819552e-05
-0.0319365675435911,-0.0295389719709518,-0.00981115964229001,-0.0338921437030683,2.47256825837219e-05,2.96041122839034e-05,1.36909645806517e-05,3.15633958968831e-05
-0.031941495249413,-0.029537244008625,-0.00980698473804262,-0.0338924043555055,2.20281329075325e-05,2.62868534709956e-05,1.21181240427086e-05,2.80507084539638e-05
-0.0319458196548647,-0.0295354798379624,-0.00980309673680736,-0.0338924372423141,1.95645972828548e-05,2.32452241813313e-05,1.0670737149783e-05,2.483314853792e-05
-0.0319496066353876,-0.0295336964327382,-0.00979947609465518,-0.0338922775258793,1.73172099046312e-05,2.04602117069991e-05,9.34106354951933e-06,2.188978950797e-05
-0.0319529153828511,-0.0295319083171114,-0.00979610459213922,-0.0338919562260147,1.52693535988291e-05,1.7913908146143e-05,8.12170114990358e-06,1.92009902198753e-05
-0.0319557990446669,-0.0295301278414356,-0.00979296524525997,-0.0338915006489523,1.34055797109747e-05,1.55894596752873e-05,7.00558265842935e-06,1.67483284822523e-05
-0.0319583053053567,-0.0295283654308415,-0.00979004222228195,-0.0338909347758135,1.17115323559486e-05,1.34710169887343e-05,5.98597086649486e-06,1.45145368752181e-05
-0.0319604769153702,-0.0295266298090015,-0.00978732076603924,-0.0338902796140497,1.01738769154522e-05,1.15436870253977e-05,5.05645284831595e-06,1.24834409887115e-05
-0.0319623521715995,-0.0295249281992987,-0.00978478712138699,-0.0338895535150771,8.78023264935801e-06,9.79348607656194e-06,4.21093322970634e-06,1.06399001104235e-05
-0.0319639653537001,-0.0295232665054487,-0.00978242846747404,-0.0338887724610811,7.51910927274113e-06,8.207294345218e-06,3.44362666929686e-06,8.96975037022185e-06
-0.0319653471200157,-0.0295216494734593,-0.00978023285453033,-0.0338879503237345,6.37984733952573e-06,6.77281200765767e-06,2.74904968231016e-06,7.45975032860613e-06
-0.0319665248666091,-0.0295200808366582,-0.00977818914487972,-0.0338870990973525,5.35256226676106e-06,5.47851681105549e-06,2.12201192538453e-06,6.09752898111243e-06
-0.031967523052625,-0.0295185634453765,-0.00977628695790587,-0.0338862291088048,4.42809182948922e-06,4.31362322647622e-06,1.55760705007266e-06,4.8715361377627e-06
-0.0319683634949536,-0.0295170993827428,-0.00977451661871468,-0.0338853492063154,3.59794695463378e-06,3.26804316412577e-06,1.05120322222048e-06,3.77099512657852e-06
-0.0319690656349228,-0.0295156900679191,-0.00977286911025192,-0.0338844669291013,2.85426564290703e-06,2.33234824773693e-06,5.98433394879971e-07,2.78585776196383e-06
-0.0319696467795235,-0.0295143363479933,-0.00977133602864967,-0.0338835886596385,2.18976984986408e-06,1.49773363602307e-06,1.95185413411764e-07,1.90676151290425e-06
-0.0319701223194648,-0.0295130385796388,-0.00976990954158855,-0.0338827197601912,1.59772516084705e-06,7.55983372027758e-07,-1.62407977006077e-07,1.12498880110862e-06
-0.0319705059261653,-0.0295117967015531,-0.00976858234947626,-0.0338818646950978,1.07190309908689e-06,9.94372353693707e-08,-4.77979159002606e-07,4.32428356435255e-07
-0.0319708097296039,-0.0295106102985953,-0.00976734764925525,-0.0338810271401782,6.06545911635559e-07,-4.79040932574448e-07,-7.54935650500166e-07,-1.78461445510258e-07
-0.0319710444787946,-0.0295094786584619,-0.00976619910066418,-0.0338802100805062,1.96333683775973e-07,-9.86093464296761e-07,-9.96470043507225e-07,-7.14687339503639e-07
-0.0319712196864939,-0.0295084008216604,-0.00976513079478902,-0.0338794158976795,-1.63646361135694e-07,-1.42789769946861e-06,-1.20556983176229e-06,-1.18275409683594e-06
-0.0319713437596103,-0.0295073756254723,-0.00976413722475014,-0.0338786464476188,-4.77928512640502e-07,-1.81019345497219e-06,-1.38502709044405e-06,-1.58869569749642e-06
-0.0319714241166573,-0.0295064017425319,-0.0097632132583816,-0.0338779031298338,-7.50695304696514e-07,-2.13830917290131e-06,-1.53744797634463e-06,-1.93810482364276e-06
-0.0319714672934718,-0.029505477714587,-0.00976235411276841,-0.0338771869490074,-9.85802450496898e-07,-2.41718678826303e-06,-1.66526202157249e-06,-2.23616074795929e-06
-0.0319714790383109,-0.0295046019819552,-0.00976155533051607,-0.0338764985696712,-1.18680209663935e-06,-2.65140535990471e-06,-1.77073119824941e-06,-2.48765568958143e-06
-0.0319714643973409,-0.0295037729091401,-0.00976081275763512,-0.0338758383646733,-1.35696450615647e-06,-2.84520350767037e-06,-1.85595873551138e-06,-2.69701970774527e-06
-0.0319714277914399,-0.0295029888070242,-0.00976012252293111,-0.0338752064580738,-1.49929827337331e-06,-3.00250069972668e-06,-1.92289767366599e-06,-2.86834420190618e-06
-0.0319713730851519,-0.0295022479520181,-0.00975948101879777,-0.033874602763043,-1.61656916742442e-06,-3.12691743327431e-06,-1.9733591436269e-06,-3.00540408438438e-06
-0.0319713036485537,-0.0295015486025043,-0.00975888488331785,-0.0338740270152813,-1.71131769514943e-06,-3.2217943519916e-06,-2.00902036250929e-06,-3.11167868982665e-06
-0.0319712224127249,-0.0295008890128833,-0.00975833098358266,-0.033873478802433,-1.78587546851433e-06,-3.29021034277399e-06,-2.03143233898709e-06,-3.19037148317075e-06
-0.0319711319194493,-0.0295002674454957,-0.00975781640014715,-0.0338729575899165,-1.84238045602969e-06,-3.33499965372505e-06,-2.04202728415308e-06,-3.24442862555119e-06
-0.0319710343657138,-0.0294996821806691,-0.00975733841254312,-0.0338724627435542,-1.88279119271717e-06,-3.35876807466828e-06,-2.04212572580895e-06,-3.27655645539215e-06
-0.031970931643522,-0.0294991315251101,-0.00975689448577823,-0.0338719935493495,-1.90890001808969e-06,-3.36390822049809e-06,-2.03294332582621e-06,-3.28923793940089e-06
-0.0319708253754885,-0.0294986138188407,-0.00975648225775367,-0.0338715492307181,-1.92234540703773e-06,-3.3526139567655e-06,-2.01559740182003e-06,-3.28474814614149e-06
-0.0319707169466342,-0.0294981274408574,-0.00975609952753744,-0.0338711289634577,-1.92462345423999e-06,-3.3268940058534e-06,-1.99111315581611e-06,-3.26516879246147e-06
-0.0319706075327681,-0.0294976708136709,-0.00975574424443506,-0.0338707318887045,-1.91709856865729e-06,-3.28858477116264e-06,-1.96042961370622e-06,-3.23240191096169e-06
-0.0319704981257974,-0.0294972424068699,-0.00975541449780291,-0.0338703571241051,-1.90101343067184e-06,-3.23936241542963e-06,-1.92440528039642e-06,-3.18818268453536e-06
-0.0319703895562803,-0.0294968407398336,-0.00975510850755377,-0.0338700037734055,-1.87749826120742e-06,-3.18075422841776e-06,-1.88382351640204e-06,-3.13409149205884e-06
-0.0319702825135022,-0.0294964643837079,-0.00975482461530683,-0.0338696709346396,-1.84757944854397e-06,-3.1141493179454e-06,-1.83939764236349e-06,-3.07156520708285e-06
-0.0319701775633305,-0.0294961119627437,-0.00975456127613856,-0.0338693577070814,-1.81218757554225e-06,-3.04080865714401e-06,-1.79177577862982e-06,-3.00190778984577e-06
-0.0319700751640766,-0.0294957821550875,-0.00975431705089308,-0.0338690631971054,-1.7721648872121e-06,-2.96187451966079e-06,-1.74154542750826e-06,-2.92630021060669e-06
-0.0319699756805734,-0.0294954736931023,-0.0097540905990139,-0.0338687865230875,-1.72827223577504e-06,-2.87837933351728e-06,-1.68923780620098e-06,-2.84580974104637e-06
-0.0319698793966528,-0.0294951853632905,-0.00975388067186153,-0.0338685268194621,-1.68119553778379e-06,-2.79125398296512e-06,-1.63533193874021e-06,-2.76139864818781e-06
-0.0319697865261938,-0.0294949160058774,-0.00975368610648364,-0.0338682832400408,-1.63155177581448e-06,-2.70133558689933e-06,-1.58025851550517e-06,-2.67393232426111e-06
-0.0319696972228907,-0.0294946645141135,-0.00975350581980703,-0.0338680549606839,-1.57989457476304e-06,-2.60937478097772e-06,-1.52440352897687e-06,-2.5841868837792e-06
-0.0319696115888773,-0.0294944298333404,-0.00975333880322263,-0.0338678411814101,-1.52671938107724e-06,-2.51604252973769e-06,-1.46811169455391e-06,-2.4928562580781e-06
-0.0319695296823314,-0.0294942109598642,-0.00975318411753671,-0.0338676411280153,-1.47246827105624e-06,-2.42193649387795e-06,-1.41168966527258e-06,-2.40055881573636e-06
-0.0319694515241677,-0.0294940069396729,-0.00975304088826338,-0.033867454053268,-1.41753441307985e-06,-2.32758697675528e-06,-1.35540904915715e-06,-2.30784353614372e-06
-0.0319693771039186,-0.0294938168670293,-0.00975290830123522,-0.0338672792377385,-1.36226620640195e-06,-2.23346247323758e-06,-1.29950923800221e-06,-2.21519576198981e-06
-0.0319693063848924,-0.0294936398829683,-0.00975278559851041,-0.0338671159903137,-1.30697111831724e-06,-2.13997484310724e-06,-1.24420005622426e-06,-2.12304255535478e-06
-0.0319692393086871,-0.0294934751737231,-0.00975267207455608,-0.0338669636484428,-1.25191923953938e-06,-2.04748412999806e-06,-1.18966423821344e-06,-2.03175768066777e-06
-0.0319691757991326,-0.0294933219691005,-0.00975256707268935,-0.033866821578154,-1.19734657670623e-06,-1.95630304621747e-06,-1.13605974261591e-06,-1.9416662366753e-06
-0.0319691157657242,-0.0294931795408239,-0.00975246998175843,-0.0338666891738789,-1.14345809949096e-06,-1.86670114270954e-06,-1.08352191162918e-06,-1.85304895861105e-06
-0.0319690591066059,-0.0294930472008599,-0.00975238023304753,-0.0338665658581136,-1.09043055891711e-06,-1.7789086825433e-06,-1.03216548329177e-06,-1.76614621041904e-06
-0.0319690057111531,-0.0294929242997419,-0.00975229729739056,-0.0338664510809465,-1.0384150920667e-06,-1.69312023545407e-06,-9.82086464457188e-07,-1.68116168595966e-06
-0.031968955462203,-0.0294928102249007,-0.00975222068247929,-0.0338663443194746,-9.87539627725353e-07,-1.60949801023685e-06,-9.33363871979259e-07,-1.59826583737838e-06
-0.0319689082379712,-0.0294927043990136,-0.00975214993035297,-0.0338662450771315,-9.37911106495271e-07,-1.52817494083329e-06,-8.86061349346032e-07,-1.51759904735982e-06
-0.031968863913693,-0.0294926062783778,-0.00975208461505717,-0.0338661528829429,-8.89617527859154e-07,-1.44925754117647e-06,-8.40228665697704e-07,-1.43927456164317e-06
-0.031968822363021,-0.0294925153513169,-0.00975202434046029,-0.0338660672907289,-8.42729836143807e-07,-1.37282854332371e-06,-7.95903104047757e-07,-1.36338119695323e-06
-0.0319687834592095,-0.0294924311366234,-0.00975196873821727,-0.0338659878782632,-7.97303656499548e-07,-1.29894933236646e-06,-7.53110745127517e-07,-1.28998583875939e-06
-0.0319687470761099,-0.0294923531820436,-0.00975191746587043,-0.0338659142464041,-7.53380891158062e-07,-1.22766219113474e-06,-7.11867653059237e-07,-1.2191357426361e-06
-0.0319687130890015,-0.029492281062807,-0.00975187020507837,-0.0338658460182068,-7.10991185794152e-07,-1.15899236696401e-06,-6.72180968851188e-07,-1.15086065205494e-06
-0.0319686813752786,-0.0294922143802034,-0.00975182665996416,-0.0338657828380245,-6.70153275088292e-07,-1.09294997212295e-06,-6.3404991735086e-07,-1.08517474476516e-06
-0.0319686518150109,-0.0294921527602086,-0.0097517865555749,-0.033865724370608,-6.30876215962362e-07,-1.02953172891745e-06,-5.97466733150143e-07,-1.02207841937846e-06
-0.0319686242913947,-0.0294920958521618,-0.00975174963644516,-0.0338656703002082,-5.93160516530744e-07,-9.68722569827385e-07,-5.62417510544325e-07,-9.61559932941003e-07
-0.0319685986911084,-0.0294920433274931,-0.00975171566525729,-0.0338656203296882,-5.56999168267736e-07,-9.1049710258112e-07,-5.28882982551299e-07,-9.03596899692882e-07
-0.0319685749045861,-0.029491994878503,-0.00975168442159207,-0.0338655741796488,-5.22378588295458e-07,-8.54820949379442e-07,-4.96839233636581e-07,-8.48157660861271e-07
-0.0319685528262197,-0.0294919502171943,-0.00975165570076382,-0.0338655315875713,-4.89279478460558e-07,-8.01651969025569e-07,-4.66258350574622e-07,-7.9520253417481e-07
-0.0319685323544996,-0.0294919090741534,-0.00975162931273404,-0.0338654923069802,-4.57677607194895e-07,-7.50941370242925e-07,-4.37109015731171e-07,-7.44684952133645e-07
-0.0319685133921036,-0.0294918711974836,-0.00975160508109856,-0.0338654561066292,-4.27544520092971e-07,-7.02634723914047e-07,-4.09357046683712e-07,-6.96552496654013e-07
-0.0319684958459408,-0.0294918363517872,-0.00975158284214307,-0.0338654227697107,-3.98848184278433e-07,-6.56672881602788e-07,-3.82965886017161e-07,-6.50747837865895e-07
-0.0319684796271581,-0.0294918043171962,-0.00975156244396271,-0.0338653920930923,-3.71553571847094e-07,-6.12992807118296e-07,-3.57897044807667e-07,-6.0720958407201e-07
-0.0319684646511148,-0.0294917748884507,-0.00975154374564112,-0.0338653638865794,-3.4562318688286e-07,-5.7152832773355e-07,-3.34110503215357e-07,-5.65873049473975e-07
-0.0319684508373307,-0.0294917478740227,-0.00975152661648525,-0.0338653379722058,-3.21017540494406e-07,-5.32210811005074e-07,-3.11565071327638e-07,-5.26670946077168e-07
-0.0319684381094126,-0.0294917230952854,-0.00975151093531199,-0.0338653141835523,-2.97695577897161e-07,-4.94969772918408e-07,-2.90218713235035e-07,-4.89534005346237e-07
-0.0319684263949631,-0.0294917003857241,-0.00975149658978333,-0.0338652923650936,-2.75615061426371e-07,-4.59733422678021e-07,-2.7002883713767e-07,-4.54391535266441e-07
-0.0319684156254743,-0.0294916795901907,-0.00975148347578666,-0.033865272371573,-2.54732912874367e-07,-4.26429149123775e-07,-2.50952554164269e-07,-4.21171917903973e-07
-0.0319684057362116,-0.0294916605641963,-0.00975147149685724,-0.0338652540674056,-2.35005518607612e-07,-3.94983953440342e-07,-2.32946908318432e-07,-3.89803052155968e-07
-0.0319683966660879,-0.0294916431732432,-0.00975146056364007,-0.0338652373261085,-2.16389000502748e-07,-3.65324832555386e-07,-2.15969079894046e-07,-3.60212746242095e-07
-0.0319683883575314,-0.0294916272921942,-0.00975145059338843,-0.0338652220297581,-1.98839455435584e-07,-3.37379117216347e-07,-1.99976564547316e-07,-3.32329063990056e-07
-0.0319683807563499,-0.029491612804676,-0.00975144150949672,-0.0338652080684745,-1.8231316615408e-07,-3.11074768596931e-07,-1.84927330003012e-07,-3.06080628953431e-07
-0.0319683738115916,-0.0294915996025172,-0.00975143324106523,-0.0338651953399309,-1.66766785901495e-07,-2.86340636992954e-07,-1.70779952334346e-07,-2.81396889817431e-07
-0.0319683674754049,-0.0294915875852182,-0.00975142572249476,-0.0338651837488881,-1.52157499114236e-07,-2.63106685809839e-07,-1.57493733551201e-07,-2.58208350506495e-07
-0.0319683617028982,-0.0294915766594521,-0.00975141889310906,-0.0338651732067542,-1.38443160324631e-07,-2.41304184019769e-07,-1.45028802163785e-07,-2.36446768150933e-07
-0.0319683564520002,-0.0294915667385944,-0.00975141269680318,-0.0338651636311661,-1.25582413204595e-07,-2.20865869839798e-07,-1.33346198234394e-07,-2.16045321826952e-07
-0.0319683516833231,-0.0294915577422807,-0.00975140708171615,-0.0338651549455954,-1.13534791679193e-07,-2.01726088323168e-07,-1.22407944346675e-07,-1.96938754630505e-07
-0.0319683473600267,-0.0294915495959911,-0.00975140199992609,-0.0338651470789741,-1.02260804615839e-07,-1.83820905302889e-07,-1.12177103814282e-07,-1.7906349174257e-07
-0.0319683434476868,-0.0294915422306589,-0.00975139740716654,-0.033865139965343,-9.17220058654911e-08,-1.67088199942711e-07,-1.02617827367479e-07,-1.6235773669937e-07
-0.0319683399141667,-0.0294915355823041,-0.00975139326256234,-0.0338651335435185,-8.18810509742307e-08,-1.51467738032651e-07,-9.36953894175446e-08,-1.46761548039387e-07
-0.0319683367294924,-0.0294915295916883,-0.00975138952838388,-0.0338651277567794,-7.27017418211684e-08,-1.36901227871383e-07,-8.53762149640586e-08,-1.32216898249271e-07
-0.0319683338657321,-0.0294915242039921,-0.00975138616981842,-0.0338651225525714,-6.41490607092288e-08,-1.23332360713047e-07,-7.76278981755307e-08,-1.18667716944576e-07
-0.0319683312968801,-0.0294915193685114,-0.00975138315475739,-0.0338651178822295,-5.61891946304627e-08,-1.10706837176677e-07,-7.0419213411832e-08,-1.06059919770252e-07
-0.031968328998745,-0.0294915150383739,-0.00975138045359849,-0.0338651137007163,-4.87895510381531e-08,-9.89723813599186e-08,-6.37201196182491e-08,-9.43414247903118e-08
-0.0319683269488426,-0.0294915111702726,-0.0097513780390617,-0.0338651099663763,-4.19187660763432e-08,-8.80787439476449e-08,-5.75017588232141e-08,-8.34621576156769e-08
-0.0319683251262936,-0.0294915077242172,-0.00975137588601816,-0.0338651066407056,-3.55467058774095e-08,-7.79776955853184e-08,-5.17364494249245e-08,-7.33740466440924e-08
-0.0319683235117252,-0.0294915046633005,-0.00975137397133111,-0.0338651036881347,-2.96444620656588e-08,-6.86230117452613e-08,-4.63976748809464e-08,-6.40310095709196e-08
-0.031968322087178,-0.0294915019534807,-0.00975137227370805,-0.0338651010758258,-2.41843419734877e-08,-5.99704501613729e-08,-4.14600684599947e-08,-5.53889323434698e-08
-0.0319683208360173,-0.0294914995633774,-0.00975137077356339,-0.0338650987734822,-1.91398543333832e-08,-5.19777217100614e-08,-3.68993945034507e-08,-4.74056414054291e-08
-0.0319683197428482,-0.0294914974640813,-0.00975136945289072,-0.0338650967531696,-1.44856910286317e-08,-4.46044558163883e-08,-3.26925267586653e-08,-4.00408703554733e-08
-0.0319683187934362,-0.0294914956289763,-0.00975136829514433,-0.0338650949891497,-1.01977054439706e-08,-3.78121610480897e-08,-2.88174241830363e-08,-3.32562216237564e-08
-0.0319683179746306,-0.0294914940335732,-0.00975136728512907,-0.0338650934577231,-6.25288799210866e-09,-3.15641816676926e-08,-2.52531046143756e-08,-2.70151240405747e-08
-0.0319683172742933,-0.0294914926553547,-0.00975136640889809,-0.0338650921370836,-2.62933917000163e-09,-2.58256509060029e-08,-2.19796167481856e-08,-2.12827870466059e-08
-0.0319683166812305,-0.0294914914736313,-0.00975136565365796,-0.0338650910071813,6.93759369396751e-10,-2.05634414635059e-08,-1.8978010652565e-08,-1.60261519818738e-08
-0.031968316185129,-0.0294914904694059,-0.0097513650076806,-0.033865090049595,3.73617534132897e-09,-1.57461138225456e-08,-1.62303071885028e-08,-1.12138411473284e-08
-0.0319683157764958,-0.0294914896252485,-0.00975136446022155,-0.0338650892474129,6.51665769957344e-09,-1.1343862880292e-08,-1.37194665836282e-08,-6.81610513864062e-09
-0.0319683154466012,-0.0294914889251792,-0.00975136400144418,-0.0338650885851216,9.05296945741263e-09,-7.32846332923698e-09,-1.14293564005413e-08,-2.80476879221947e-09
-0.0319683151874252,-0.0294914883545588,-0.00975136362234941,-0.0338650880485017,1.13619212233074e-08,-3.67321422237166e-09,-9.34471911656631e-09,8.46823694500287e-10
-0.0319683149916077,-0.0294914878999883,-0.00975136331471053,-0.0338650876245317,1.34594052431103e-08,-3.5288297284275e-10,-7.45113951268472e-09,4.16386423257586e-09
-0.0319683148524009,-0.0294914875492134,-0.00975136307101278,-0.0338650873012976,1.53604296504462e-08,2.6563507365962e-09,-5.73501203818272e-09,7.17013654699672e-09
-0.0319683147636252,-0.0294914872910377,-0.00975136288439743,-0.0338650870679088,1.70791528697478e-08,5.37695101984759e-09,-4.18350828285119e-09,9.8880717919192e-09
-0.0319683147196277,-0.0294914871152406,-0.00975136274860994,-0.0338650869144202,1.86289177972476e-08,7.83008144433772e-09,-2.78454475276246e-09,1.23388038883454e-08
-0.0319683147152437,-0.0294914870125019,-0.00975136265795188,-0.0338650868317593,2.00222858293131e-08,1.00356601778762e-08,-1.52675097911392e-09,1.45422242858739e-08
-0.0319683147457597,-0.0294914869743309,-0.0097513626072366,-0.0338650868116586,2.12710705299601e-08,1.20124143687672e-08,-3.99438117998363e-10,1.65170361138278e-08
-0.0319683148068803,-0.0294914869930017,-0.00975136259174801,-0.033865086846593,2.23863706599881e-08,1.37779335787624e-08,6.07431866958552e-10,1.82808073054264e-08
